species,4.3.2012 abundance,8.7.2012 abundance,11.6.2012 abundance,1.26.2013 abundance,2.25.2013 abundance,3.24.2013 abundance,4.7.2013 abundance,4.29.2013 abundance,6.9.2013 abundance,7.14.2013 abundance,8.10.2013 abundance,9.3.2013 abundance,9.24.2013 abundance,10.27.2013 abundance,11.10.2013 abundance,12.14.2013 abundance,1.19.2014 abundance,2.17.2014 abundance,3.23.2014 abundance,5.4.2014 abundance,6.16.2014 abundance,8.11.2014 abundance,8.22.2014 abundance,8.25.2014 abundance,9.28.2014 abundance,11.16.2014 abundance,11.22.2014 abundance,12.7.2014 abundance,12.17.2014 abundance,1.6.2015 abundance,1.14.2015 abundance,1.25.2015 abundance,2.8.2015 abundance,2.23.2015 abundance
Adlercreutzia equolifaciens,0.000299,8e-04,0.000519,0.00248,0.000192,NA,0.000146,0.000423,0.000204,2.6e-05,6.1e-05,5.1e-05,NA,0.000103,1e-05,5.4e-05,0.000202,0.000361,0.000268,0.000339,0.00034,0.001178,0.000709,0.000615,0.000211,0.000587,2.7e-05,0.000669,0.000541,0.000527,7e-05,0.001795,0.000288,8.7e-05
Flavonifractor plautii,NA,1e-05,NA,NA,NA,NA,NA,5.2e-05,3.1e-05,3.5e-05,6.1e-05,7.4e-05,2.7e-05,0.000181,2e-05,9e-06,4.8e-05,NA,NA,0.000244,3.5e-05,NA,NA,NA,NA,NA,NA,0.00015,NA,2.3e-05,0.000105,NA,NA,NA
Phascolarctobacterium faecium,0.004012,0.002101,0.006267,0.000632,0.000712,0.000722,0.001264,0.004682,0.005923,0.010242,0.00059,0.002128,0.000865,0.002157,0.00264,0.007613,0.000698,0.012357,0.012205,0.004646,0.002417,0.014896,0.007961,0.020358,0.001508,0.001642,0.000558,0.001453,0.000403,0.000697,0.000785,0.000416,6.2e-05,NA
Victivallis vadensis,NA,NA,7e-05,NA,NA,NA,1.4e-05,2.6e-05,0.000572,1.8e-05,0.000207,0.000361,0.000382,0.000123,0.000242,0.000435,0.000224,0.000251,7.7e-05,2e-05,6e-05,NA,0.000333,NA,4.7e-05,NA,NA,NA,NA,1.5e-05,0.000176,NA,4.1e-05,NA
Bacteroidales bacterium ph8,0.002395,0.00074,0.001317,0.002432,0.004736,0.00272,0.005627,0.004907,0.001675,0.003007,0.000821,0.001929,0.000807,0.000822,0.002443,0.003343,0.003085,0.005222,0.003711,0.002091,0.000851,0.001094,0.003459,0.002758,0.000458,0.001288,0.000173,0.000265,0.000344,0.001727,0.001112,0.001171,0.000536,8.7e-05
Clostridiales bacterium A2-162,NA,0.001701,0.00015,0.004872,0.005335,0.004108,0.004655,0.008786,0.003625,0.005038,0.001273,0.002017,2.1e-05,0.00016,0.002186,0.004294,0.025098,0.008757,0.00417,0.006177,0.004559,0.002441,0.00385,0.004484,0.00243,0.007332,0.003361,0.003598,0.006879,0.002289,0.003982,0.0211,0.017845,0.007465
Peptostreptococcus anaerobius,NA,NA,NA,NA,NA,NA,NA,NA,NA,NA,NA,NA,NA,NA,NA,NA,NA,NA,NA,1.6e-05,NA,NA,NA,NA,NA,NA,2.7e-05,NA,NA,NA,5.9e-05,NA,NA,NA
Bacteroides salyersiae,NA,0.00079,6.7e-05,0.000149,0.000316,0.000555,0.000674,0.002497,0.00029,0.000457,0.003814,NA,0.000276,0.0033,0.008624,0.003154,0.00017,0.000521,NA,0.009098,0.00592,0.000505,0.009191,0.001806,0.002195,0.002321,NA,0.000992,0.000738,0.006978,0.000316,0.000546,0.001504,0.007378
Finegoldia magna,NA,NA,NA,NA,2.3e-05,NA,NA,NA,1.2e-05,NA,NA,NA,NA,2.5e-05,NA,6e-06,NA,1.8e-05,NA,5.9e-05,1e-05,0.000252,NA,NA,NA,NA,0.002032,NA,NA,NA,3.5e-05,NA,NA,NA
Providencia alcalifaciens,NA,NA,NA,NA,NA,NA,NA,NA,NA,NA,NA,NA,NA,NA,NA,NA,NA,NA,NA,NA,NA,NA,NA,NA,NA,NA,NA,NA,NA,5.4e-05,0.004345,NA,NA,0.002155
Enterobacter sp.,NA,NA,NA,NA,5.7e-05,NA,NA,NA,NA,NA,NA,NA,NA,NA,NA,NA,NA,NA,NA,NA,NA,NA,NA,NA,NA,NA,NA,NA,NA,8e-06,2.3e-05,NA,NA,NA
Clostridiales bacterium L2-14,0.001916,0.004533,0.001619,0.000224,0.000384,0.000222,0.000313,NA,NA,NA,NA,NA,NA,NA,NA,5.1e-05,NA,0.000113,NA,6.3e-05,0.001651,0.010604,0.00288,0.001766,0.000616,0.000701,2.7e-05,0.000311,0.000457,0.000112,0.004579,0.001327,0.001793,0.000152
Akkermansia muciniphila,0.025991,0.001971,0.012286,0.020859,0.01431,0.000167,0.000333,0.004086,0.002963,0.000141,3.3e-05,7.9e-05,6.4e-05,1.6e-05,3.5e-05,5.1e-05,0.049616,0.020224,0.007155,0.003935,0.005384,0.000168,0.012101,0.011885,0.000305,0.000241,NA,2.3e-05,0.000556,0.009309,0.00705,0.064549,0.003421,NA
Clostridiaceae bacterium DJF_B063,NA,3e-05,NA,NA,3.4e-05,NA,NA,NA,NA,NA,NA,9e-06,NA,NA,NA,2.4e-05,1.1e-05,1.5e-05,NA,6.9e-05,2e-05,NA,NA,NA,5.3e-05,4.2e-05,2.7e-05,9.2e-05,8.4e-05,0.000101,2.3e-05,NA,NA,NA
butyrate-producing bacterium PH05YA09,NA,0.00011,0.001104,8.8e-05,0.000271,0.000722,0.00164,0.004985,0.002999,0.001143,0.001439,0.005316,0.001258,0.001418,0.006796,0.000705,0.000884,0.000179,0.003367,0.000171,0.004013,0.000337,0.000608,0.000159,0.000241,0.001189,0.000412,0.001153,0.001249,0.000418,0.00048,5.2e-05,0.00033,0.000805
Candidatus Alistipes marseilloanorexicus,NA,NA,NA,NA,NA,NA,NA,NA,NA,NA,NA,NA,NA,NA,NA,NA,NA,NA,NA,NA,NA,NA,NA,NA,NA,NA,NA,NA,NA,NA,7e-05,5.2e-05,NA,NA
Bacteroides caccae,NA,6.5e-05,0.000153,NA,NA,NA,4.9e-05,NA,NA,7e-05,NA,8.8e-05,3.7e-05,NA,NA,NA,1.1e-05,2.9e-05,NA,2.3e-05,3.5e-05,NA,2.9e-05,0.000139,NA,NA,NA,NA,1e-05,5e-05,0.01506,NA,6.2e-05,NA
Pantoea endophytica,NA,NA,NA,NA,7.9e-05,NA,NA,NA,NA,NA,NA,0.000139,0.024537,0.000201,1.5e-05,NA,0.011172,NA,NA,NA,NA,0.003282,NA,0.017143,NA,NA,NA,NA,NA,0.000194,0.013994,NA,NA,NA
Coprococcus comes,0.001138,0.004983,0.000499,0.000136,3.4e-05,0.003608,0.002994,0.001564,0.002392,0.006163,0.003188,0.006162,0.003434,0.008473,0.007954,0.000525,0.000868,0.000587,0.005892,0.002733,0.007101,0.010268,0.003025,0.000496,0.002524,0.002378,0.006362,0.002122,0.001146,0.000774,0.000667,0.000807,0.002019,0.003003
Gemella haemolysans,NA,0.000165,1e-05,NA,2.3e-05,NA,0.013728,NA,0.001245,0.000835,0.000102,7.4e-05,0.000159,0.004651,0.000332,9.6e-05,0.001657,0.000995,NA,0.004373,NA,0.001599,NA,NA,NA,7.8e-05,NA,NA,2e-05,0.000108,0.000574,NA,NA,NA
Roseburia sp. 11SE38,0.014014,0.019607,0.019838,0.027993,0.019306,0.020595,0.033048,0.053856,0.006404,0.018744,0.0101,0.033523,0.019792,0.000678,0.03363,0.023625,0.004784,6.2e-05,0.001875,9.9e-05,0.02426,0.011362,0.012578,0.004365,0.003105,0.017911,0.072191,0.002087,0.006643,0.003942,0.008771,0.001197,0.030415,0.026138
Streptococcus thermophilus,0.00012,0.005813,0.00551,0.005293,0.009506,0.002665,0.000139,0.002652,0.002776,0.000712,0.000858,NA,0.002043,NA,7.6e-05,NA,NA,0.000266,0.000612,0.002239,3e-05,NA,0.000174,0.000159,0.000951,0.000347,0.000571,0.000807,0.001121,0.000383,5.9e-05,NA,0.005007,NA
Candidatus Arthromitus sp. SFB-mouse,NA,NA,NA,NA,NA,NA,NA,NA,NA,NA,NA,NA,NA,NA,NA,NA,NA,NA,NA,NA,NA,NA,NA,NA,8.2e-05,7.8e-05,NA,4.6e-05,3.4e-05,8e-06,2.3e-05,0.000208,NA,NA
Clostridium nexile,0.001018,0.000105,0.000229,0.000102,0.012128,0.000111,0.001508,3.5e-05,0.000325,NA,5.7e-05,0.000241,8e-05,0.000341,1.5e-05,0.00232,0.003063,0.006614,NA,0.150286,1e-05,0.001262,NA,0.006429,0.00047,7.8e-05,NA,NA,NA,0.001394,0.000667,0.000156,0.000124,NA
Alistipes finegoldii,NA,NA,NA,NA,NA,NA,NA,NA,NA,0.000202,0.000106,0.000185,0.000212,1.2e-05,0.000438,0.000657,0.000575,0.000437,NA,0.000188,0.00011,0.000168,0.000101,9.9e-05,0.000223,0.00034,0.000704,0.000231,0.000143,0.000143,9.4e-05,5.2e-05,0.000247,NA
Bacteroides sp. DSM 12148,NA,0.000285,6e-06,NA,6.8e-05,NA,5.6e-05,NA,1.6e-05,NA,6.1e-05,6e-05,1.1e-05,NA,NA,NA,NA,8.7e-05,NA,0.000211,9.5e-05,0.000168,0.00097,NA,0.000112,0.00012,NA,0.000381,0.000261,0.000399,0.000152,0.000156,0.000227,0.000239
Subdoligranulum variabile,NA,0.015649,0.000197,0.001033,0.000916,0.000444,0.000257,4.3e-05,4.3e-05,NA,8e-06,NA,1.1e-05,8e-06,NA,1.2e-05,0.000112,0.000343,NA,0.000902,2e-05,NA,NA,0.002976,0.000816,0.000184,0.000226,0.003298,0.000364,0.000329,2.3e-05,NA,0.001133,0.000805
Tatumella saanichensis,NA,NA,NA,NA,0.000158,NA,NA,NA,NA,NA,NA,NA,NA,NA,NA,NA,NA,NA,NA,NA,NA,NA,NA,NA,NA,NA,NA,NA,NA,7e-05,8.2e-05,NA,NA,NA
bacterium NLAE-zl-P430,0.05869,0.084595,0.075205,0.046121,0.090143,0.078272,0.109966,0.14518,0.028186,0.057489,0.044353,0.032991,0.024569,0.055731,0.049206,0.070961,0.04611,0.025963,0.044689,0.084746,0.006721,0.098132,0.064266,0.117443,0.065854,0.084157,0.051045,0.064522,0.076008,0.082529,0.065625,0.033432,0.018628,0.034734
Clostridium clostridioforme,0.018565,0.024379,0.040512,0.015233,0.038216,0.015654,0.008218,0.014522,0.01046,1.8e-05,0.00015,2.8e-05,3.2e-05,9e-05,4.5e-05,2.4e-05,4.3e-05,0.000809,NA,0.001175,6.5e-05,NA,2.9e-05,0.000258,NA,NA,0.034336,NA,1e-05,3.1e-05,0.000141,NA,4.1e-05,NA
Lactobacillus rogosae,0.00012,0.00053,0.012709,0.001108,0.002023,0.000222,0.003536,0.012622,0.002736,0.015306,0.002854,0.012561,0.000918,0.000678,0.002483,0.000651,0.013079,7.7e-05,0.003864,5.3e-05,0.000275,NA,NA,NA,0.000828,2.8e-05,0.001767,NA,0.001357,NA,0.000831,0.004163,0.002164,0.001415
Clostridium sp.,NA,NA,6e-06,NA,2.3e-05,NA,NA,NA,NA,1.8e-05,0.000138,1.9e-05,1.1e-05,0.000855,5.5e-05,4.8e-05,1.1e-05,7.7e-05,NA,2.6e-05,7e-05,NA,NA,NA,1.2e-05,NA,NA,8.1e-05,NA,8.9e-05,0.004064,NA,0.000124,8.7e-05
Synergistetes bacterium LBVCM1157,NA,NA,0.000124,7.5e-05,3.4e-05,NA,NA,NA,NA,NA,NA,NA,NA,NA,NA,6.9e-05,2.1e-05,4e-05,NA,9.2e-05,2e-05,NA,NA,4e-05,NA,NA,NA,NA,NA,NA,5.9e-05,NA,NA,NA
Holdemania filiformis,NA,NA,0.000137,8.8e-05,7.9e-05,NA,4.2e-05,6.9e-05,3.5e-05,4.4e-05,0.000134,0.000134,0.000133,0.000193,6.5e-05,0.000426,0.000474,7.3e-05,NA,2.6e-05,5e-05,NA,2.9e-05,4e-05,NA,NA,NA,3.5e-05,NA,8e-06,2.3e-05,NA,NA,NA
Providencia sneebia,NA,NA,NA,NA,NA,NA,NA,NA,NA,NA,NA,NA,NA,NA,NA,NA,NA,NA,NA,NA,NA,NA,NA,NA,NA,1.4e-05,NA,0.000127,5.9e-05,6.2e-05,0.000129,NA,NA,NA
Candidatus Peptoniphilus massiliensis,NA,NA,NA,NA,NA,NA,NA,NA,NA,NA,NA,NA,NA,NA,NA,NA,NA,NA,NA,NA,NA,NA,NA,NA,NA,NA,NA,NA,NA,NA,2.3e-05,NA,NA,NA
Enterobacter cloacae,NA,NA,6e-06,NA,0.009868,NA,NA,NA,NA,NA,NA,NA,3.7e-05,8e-06,0.017495,NA,1.1e-05,NA,NA,NA,NA,NA,NA,0.000159,1.2e-05,NA,NA,NA,NA,0.027618,0.000984,NA,NA,NA
Veillonella sp. oral clone VeillD5,NA,3.5e-05,9.2e-05,2.7e-05,NA,NA,4.2e-05,0.001616,NA,9.7e-05,NA,0.00025,7.4e-05,4.5e-05,0.000151,5.7e-05,4.3e-05,2.6e-05,0.000459,3.6e-05,4.5e-05,NA,0.000203,NA,0.000135,1.4e-05,4e-05,5.8e-05,0.000207,3.5e-05,2.3e-05,NA,NA,NA
Pectobacterium carotovorum,NA,0.011382,0.000137,0.000313,0.004951,0.000333,0.005877,4.3e-05,0.000294,0.000141,0.000207,9e-06,0.000186,0.000201,0.000146,0.000963,0.008439,0.004471,NA,0.000481,0.00029,0.005134,0.005819,0.003611,0.031193,0.028449,NA,4.6e-05,4.4e-05,0.000751,0.006862,NA,4.1e-05,4.4e-05
Granulicatella adiacens,NA,NA,NA,NA,NA,NA,0.000139,NA,NA,NA,NA,NA,NA,NA,NA,NA,NA,NA,NA,NA,NA,NA,NA,NA,NA,NA,NA,NA,NA,NA,8.2e-05,NA,NA,NA
Ruminococcus faecis,0.007725,0.00023,0.003378,0.008126,0.007788,0.000222,0.001994,0.004872,0.004302,0.002602,8e-06,0.001235,0.001375,9e-05,0.000468,0.012831,0.014608,0.013603,0.007958,0.003484,5.5e-05,0.000337,0.00042,0.006925,0.003956,0.008669,0.009338,0.00203,0.001687,0.001673,4.7e-05,0.012254,0.002885,0.004353
bacterium NLAE-zl-H54,0.002036,0.001996,0.023143,0.018304,0.016039,0.016321,0.026455,0.023498,0.058517,0.028608,0.001098,0.006579,0.000892,0.001126,0.000645,0.004405,0.003761,0.004602,NA,0.002015,0.008897,0.015991,0.015936,0.017064,0.008222,0.015427,0.000545,0.007957,0.013611,0.009364,0.014732,0.013529,0.011972,0.014603
Clostridium sp. 619,NA,2.5e-05,7e-05,0.00017,0.000136,NA,7.6e-05,4.3e-05,2.3e-05,0.000202,0.000272,6e-05,0.000218,0.001401,0.000126,2.1e-05,NA,8e-05,0.000153,0.000105,8e-05,NA,NA,7.9e-05,NA,NA,NA,4.6e-05,NA,8e-06,3.5e-05,NA,NA,NA
Roseburia inulinivorans,NA,0.000545,0.001292,0.000299,0.000136,5e-04,0.000229,0.000475,0.000129,0.026454,0.000886,0.003072,2.7e-05,0.000423,0.00135,0.000636,NA,0.000565,0.000153,7.9e-05,0.004203,0.00404,0.000868,0.000357,0.002958,0.010643,0.011463,0.015303,0.001765,0.000596,0.000667,0.000104,0.001772,0.003765
Butyricimonas sp. 214-4,NA,NA,NA,NA,NA,0.00111,2.8e-05,NA,NA,0.000141,8.5e-05,NA,NA,0.000136,NA,7.2e-05,NA,0.000128,NA,8.2e-05,3e-05,NA,4.3e-05,7.9e-05,0.000223,0.000446,0.000438,0.000415,0.000138,0.000403,0.000867,0.00013,0.000185,4.4e-05
Escherichia sp. enrichment culture clone 1(2012),NA,0.000145,NA,NA,NA,NA,2.8e-05,NA,NA,NA,NA,9e-06,5.8e-05,NA,NA,1.2e-05,NA,NA,NA,NA,1e-05,NA,NA,NA,0.001291,0.000241,NA,NA,NA,0.000116,4.7e-05,NA,NA,NA
Clostridium saccharolyticum,NA,1e-05,6e-06,NA,NA,NA,NA,NA,NA,1.8e-05,1.6e-05,1.4e-05,1.1e-05,NA,8.6e-05,NA,1.1e-05,1.1e-05,NA,NA,1e-05,NA,NA,NA,NA,NA,2.7e-05,NA,NA,2.7e-05,2.3e-05,NA,NA,8.7e-05
Serratia marcescens,NA,NA,NA,NA,NA,NA,1.4e-05,NA,NA,NA,NA,NA,NA,NA,NA,NA,NA,NA,NA,NA,NA,NA,NA,NA,NA,NA,NA,NA,NA,NA,2.3e-05,NA,NA,NA
Alistipes indistinctus,0.00018,9e-05,0.000127,0.000163,7.9e-05,NA,2.1e-05,NA,2e-05,3.5e-05,NA,NA,NA,8e-06,1e-05,1.8e-05,0.000218,0.000113,NA,3.6e-05,NA,NA,NA,NA,NA,NA,2.7e-05,NA,NA,3.1e-05,2.3e-05,NA,NA,NA
Shigella flexneri,NA,8.5e-05,NA,NA,NA,NA,NA,NA,3.1e-05,NA,NA,5.1e-05,3.2e-05,8e-06,NA,2.7e-05,NA,NA,NA,7e-06,NA,NA,NA,4e-05,0.000511,0.000127,NA,5.8e-05,NA,3.1e-05,3.5e-05,NA,NA,NA
Enterobacter hormaechei,NA,NA,NA,NA,NA,NA,NA,NA,NA,NA,NA,NA,NA,NA,NA,NA,NA,NA,NA,NA,NA,NA,NA,NA,NA,NA,NA,NA,NA,NA,4.7e-05,NA,NA,NA
Lactobacillus plantarum,0.00012,1.5e-05,0.00013,1.4e-05,0.000215,NA,NA,3.5e-05,NA,NA,4.1e-05,NA,NA,NA,NA,NA,NA,NA,NA,6.9e-05,NA,NA,NA,NA,NA,NA,NA,NA,NA,1.5e-05,2.3e-05,NA,NA,NA
Bilophila wadsworthia,NA,NA,0.000687,0.000306,0.002905,0.000167,0.003953,0.000605,0.00238,0.001433,0.001492,0.001258,0.000812,0.002728,0.001033,0.002134,0.003138,0.002871,0.00176,0.002812,0.000641,0.003871,0.002446,0.003909,0.000493,0.001529,NA,0.001038,0.001333,0.001177,0.002131,0.001587,0.000701,0.000305
Morganella morganii,NA,NA,NA,NA,0.00017,NA,3.5e-05,NA,1.2e-05,NA,NA,NA,NA,3.7e-05,1.5e-05,2.4e-05,8e-05,2.9e-05,NA,0.000333,NA,0.000168,NA,NA,0.007853,0.003277,NA,0.022407,0.022035,0.008713,0.004918,NA,6.2e-05,0.01654
Butyricimonas sp. GD2,NA,NA,NA,NA,NA,NA,2.8e-05,NA,NA,NA,NA,NA,NA,NA,NA,NA,NA,NA,NA,NA,NA,NA,NA,NA,1.2e-05,NA,4e-05,NA,NA,1.2e-05,2.3e-05,NA,NA,NA
Alistipes shahii,0.002755,0.002802,0.001648,0.004512,0.008624,0.000888,0.006107,0.001529,0.002208,0.003411,0.000354,0.000555,0.00035,0.000255,0.00133,0.00078,0.000309,0.004537,0.003405,0.000115,0.000646,0.000337,0.003213,0.005595,0.000475,0.001408,0.000611,0.000473,0.000359,0.000999,0.001932,0.003851,0.000268,NA
Alistipes onderdonkii,0.01054,0.000255,0.000671,0.003567,0.000667,NA,0.000597,0.000164,3.1e-05,7e-05,0.000171,3.7e-05,0.000488,7e-05,2e-05,0.000708,0.00024,0.00367,NA,0.000296,0.000175,0.000337,0.000174,0.001984,6.5e-05,0.000686,0.000345,0.000254,0.00032,0.000875,0.000925,0.000859,0.000453,0.000479
Blautia stercoris,0.000779,0.003517,0.008802,0.00017,0.007607,0.000111,NA,NA,0.004193,0.004457,0.008953,0.004807,0.002728,0.001508,0.004776,0.002341,0.001284,0.001673,0.004706,0.005048,0.009988,0.010268,0.007353,0.002222,0.006309,0.011931,0.001342,0.010367,0.007376,0.00218,7e-05,0.002914,0.002947,0.004048
Blautia faecis,NA,0.000946,5.4e-05,0.001889,9e-05,0.001332,0.001751,0.002626,3.9e-05,0.001688,0.017338,4.2e-05,0.00018,0.001816,0.000811,0.000219,0.031427,7.3e-05,0.00023,3.3e-05,NA,0.001936,0.000145,4e-05,0.000217,0.000502,0.000956,0.001649,0.000723,0.000143,0.000386,5.2e-05,0.010097,0.003896
bacterium mpn-isolate group 6,NA,0.00032,0.000239,0.000258,0.000576,0.000389,0.000368,0.000838,8.2e-05,0.000149,0.000211,3.2e-05,1.1e-05,8.6e-05,2e-05,0.001119,0.002973,0.000787,7.7e-05,0.000929,0.000355,0.000168,0.000289,0.000655,0.000141,0.000212,6.6e-05,0.000138,0.000216,0.00072,0.000199,0.00026,NA,NA
Ruminococcus bromii,0.007546,0.012062,0.010568,0.004117,0.014705,0.01349,0.006662,0.003464,0.002576,0.00255,0.007254,0.006167,0.014952,0.015109,0.006579,0.010079,0.010341,NA,NA,NA,NA,0.009763,0.003705,0.004028,0.007048,0.005973,0.03055,0.003713,0.001751,0.004964,0.001253,0.001015,0.007501,0.000762
[Ruminococcus] obeum,0.035154,0.025295,0.033812,0.035195,0.05005,0.019207,0.010129,0.019861,0.02635,0.03754,0.042194,0.019385,0.028231,0.058024,0.050178,0.012972,0.05595,0.021671,0.010828,0.031369,0.025786,0.006649,0.021682,0.014881,0.02776,0.030784,0.028784,0.022222,0.011482,0.006858,0.001604,0.016911,0.038389,0.009968
Wautersiella falsenii,NA,NA,NA,NA,NA,NA,NA,NA,NA,NA,NA,NA,NA,NA,NA,NA,NA,NA,NA,NA,NA,NA,NA,NA,NA,NA,NA,NA,NA,NA,7e-05,NA,NA,NA
Eubacterium contortum,NA,1e-05,3.8e-05,0.000136,NA,NA,NA,NA,8e-06,NA,2.4e-05,3.2e-05,9e-05,0.000119,2e-05,8.4e-05,2.1e-05,0.001042,NA,0.00023,5.5e-05,NA,NA,NA,NA,NA,NA,NA,1e-05,1.5e-05,2.3e-05,0.000156,NA,NA
Sutterella wadsworthensis,NA,0.00021,0.000496,4.8e-05,3.4e-05,NA,0.000333,0.003101,0.002541,0.002216,0.000203,8.8e-05,2.7e-05,7.8e-05,0.000101,3.9e-05,NA,0.00051,0.00199,0.00162,0.000335,0.000168,NA,0.004286,0.002318,0.000495,0.002882,0.006758,0.006516,0.005603,0.000199,NA,0.000639,0.002612
Lachnospiraceae bacterium 1_1_57FAA,0.00024,0.002026,0.002252,0.00282,0.000791,NA,5.6e-05,0.000207,NA,NA,8e-06,NA,NA,NA,NA,0.000336,0.003053,0.003513,NA,0.00621,0.000125,0.000168,NA,0.000258,NA,0.00041,0.001767,0.000346,7.9e-05,4.6e-05,0.000363,0.002237,0.000762,NA
Coprococcus catus,0.001737,0.001236,0.000127,9.5e-05,0.000554,0.001166,9.7e-05,NA,3.5e-05,4.4e-05,0.000122,NA,7.4e-05,0.000164,9.1e-05,0.000237,0.000282,4.4e-05,0.001722,5.6e-05,2e-05,NA,0.00013,NA,0.000264,0.002003,0.000385,0.000196,0.000423,0.000314,0.002506,0.000702,0.000227,0.000544
Bacteroides intestinalis,0.018505,0.015384,0.047313,0.002269,0.000316,0.003053,0.000723,0.003542,0.000294,0.00386,0.021692,0.022947,0.008476,0.020196,0.007949,0.035535,0.044778,0.024236,0.026553,0.002881,0.006425,0.002104,4.3e-05,0.002718,0.002019,0.000488,NA,0.005674,0.016203,0.012341,0.004087,0.000104,0.005811,0.006115
Ruminococcus lactaris,0.000599,NA,0.001183,1.4e-05,0.002261,0.004219,0.000854,NA,0.002662,0.003622,0.000781,0.002452,0.001794,0.002387,0.004342,0.00105,0.001795,0.008924,0.003635,0.011192,0.010949,NA,0.001809,0.003155,0.000558,0.000722,NA,0.003494,0.000792,0.000891,0.000105,0.005099,0.005605,0.000827
Collinsella aerofaciens,NA,1e-04,1.6e-05,NA,0.000531,NA,7.6e-05,NA,0.001143,0.001125,NA,NA,1.6e-05,0.005634,0.001189,0.001062,0.005471,0.001906,0.00023,0.002209,NA,0.000337,0.003228,0.005496,0.000499,0.00092,0.000571,0.000138,0.000477,8e-06,4.7e-05,0.000963,0.001401,NA
Eubacterium xylanophilum,NA,NA,NA,NA,NA,NA,NA,NA,NA,NA,NA,NA,NA,NA,NA,NA,NA,NA,0.001684,0.000102,0.000125,0.000757,0.000174,NA,1e-04,2.8e-05,NA,0.000104,4.9e-05,0.000163,0.000176,0.000208,0.000144,0.000392
Clostridium clariflavum,NA,NA,6.4e-05,6.1e-05,0.000124,NA,NA,1.7e-05,8e-06,NA,NA,2.8e-05,NA,1.6e-05,NA,7.2e-05,1.1e-05,6.2e-05,NA,2.3e-05,3.5e-05,NA,5.8e-05,NA,2.9e-05,1.4e-05,NA,NA,NA,0.000163,0.00034,5.2e-05,NA,NA
Eubacterium ramulus,0.003893,0.001581,0.000299,NA,0.000271,0.000111,0.000375,0.001469,0.000294,NA,0.000207,0.001786,0.000435,0.000288,NA,0.000813,0.000815,0.002518,0.002755,0.00052,NA,0.00547,0.001607,0.001984,0.000558,0.00104,0.00255,0.000577,0.000364,0.000333,0.000141,0.002446,0.00373,8.7e-05
Eubacterium siraeum,0.013654,0.068901,0.018031,0.010946,0.008839,0.066504,0.06201,0.020017,0.028573,0.107223,0.011182,0.073522,0.025158,0.028611,0.061593,0.026103,0.014656,0.008461,0.015802,0.006388,0.04881,0.010857,0.01679,0.003075,0.013305,0.015314,0.000478,0.008845,0.025644,0.013523,0.035084,0.006895,0.007645,0.023809
Enterobacteriaceae bacterium UYSO6,NA,NA,NA,NA,NA,NA,NA,NA,NA,NA,NA,NA,NA,NA,NA,NA,NA,NA,NA,NA,NA,NA,NA,NA,NA,NA,NA,NA,NA,NA,2.3e-05,NA,NA,NA
Serratia symbiotica,NA,3.5e-05,NA,NA,NA,NA,NA,NA,NA,NA,NA,NA,NA,NA,NA,NA,NA,NA,NA,NA,NA,NA,NA,NA,NA,NA,NA,NA,NA,3.9e-05,2.3e-05,NA,NA,NA
Bacteroides uniformis,0.022877,0.002321,0.019303,0.023998,0.02862,0.01571,0.024878,0.043774,0.008264,0.010858,0.02031,0.014221,0.00966,0.005695,0.004257,0.014401,0.022717,0.015804,0.01255,0.006131,0.008087,0.003366,0.022638,0.040497,0.02219,0.020034,0.003188,0.004786,0.006452,0.03242,0.029897,0.019617,0.00781,0.002982
Parabacteroides distasonis,NA,0.004763,0.000111,4.8e-05,0.023126,0.008993,0.015999,NA,NA,6.2e-05,8.5e-05,4.6e-05,4.2e-05,6.2e-05,2e-05,0.000222,0.000288,5.5e-05,7.7e-05,0.000866,7e-05,0.012372,0.006513,0.016826,0.002506,0.009398,0.001182,0.012512,0.006383,0.013612,0.039148,0.006817,0.003112,0.007574
bacterium NLAE-zl-P743,NA,NA,NA,NA,NA,NA,1.4e-05,NA,NA,NA,NA,NA,NA,NA,NA,NA,NA,NA,NA,NA,NA,NA,NA,NA,1.2e-05,NA,NA,NA,NA,2.3e-05,0.001897,NA,NA,NA
Bacteroides fragilis,NA,NA,6e-06,NA,0.017701,NA,0.013429,NA,0.004651,0.000158,4.9e-05,NA,0.000191,0.011501,1.5e-05,7.5e-05,0.000746,0.005145,NA,0.004267,NA,0.013129,2.9e-05,0.004623,0.000117,0.000163,0.000173,2.3e-05,6.9e-05,0.00084,0.004145,0.00013,0.000165,NA
Subdoligranulum sp. 4_3_54A2FAA,NA,0.000395,0.000175,0.000217,0.000836,NA,0.000222,9.5e-05,9e-05,0.000158,7.7e-05,0.000106,0.000149,0.000497,8.1e-05,0.000372,0.000479,0.001363,NA,0.005146,6.5e-05,NA,2.9e-05,0.000198,4.1e-05,5.7e-05,NA,8.1e-05,1e-05,0.000194,2.3e-05,0.000338,NA,NA
Salmonella enterica,NA,0.00014,2.9e-05,0.000116,0.000441,0.000222,0.000174,5.2e-05,4.7e-05,6.2e-05,0.000268,0.000111,0.000111,5.3e-05,5.5e-05,0.000129,0.000448,3.6e-05,NA,1.6e-05,1e-05,0.001683,5.8e-05,9.9e-05,0.000739,0.000828,NA,NA,NA,0.001073,0.000281,NA,NA,NA
Clostridium sp. AUH-JLC235,NA,1e-05,8.3e-05,2.7e-05,0.000452,NA,NA,1.7e-05,NA,NA,0.000179,NA,2.1e-05,2.5e-05,NA,1.5e-05,NA,0.000251,NA,0.000148,7e-05,NA,NA,6e-05,NA,1.4e-05,NA,NA,4.4e-05,1.2e-05,8.2e-05,NA,NA,NA
Bacteroides helcogenes,NA,NA,NA,NA,NA,NA,2.1e-05,NA,NA,NA,NA,NA,NA,NA,NA,0.028768,NA,7e-06,NA,NA,NA,NA,NA,NA,1.8e-05,NA,NA,4.6e-05,1e-05,0.000128,7e-05,NA,NA,0.000196
bacterium NLAE-zl-C350,NA,NA,NA,NA,NA,NA,NA,NA,NA,NA,NA,NA,NA,8e-06,NA,NA,NA,NA,NA,8.6e-05,NA,NA,NA,NA,NA,NA,NA,NA,NA,1.2e-05,2.3e-05,NA,NA,NA
Parasutterella excrementihominis,0.000419,0.000245,0.000649,0.000319,5.7e-05,NA,1.4e-05,0.001322,0.00036,0.000343,0.000626,1.4e-05,1.6e-05,2.9e-05,NA,NA,1.1e-05,0.001775,0.003864,0.001215,0.001566,NA,2.9e-05,0.002143,0.00145,0.000177,0.000159,0.003875,0.003958,0.001491,0.000117,NA,0.001072,0.002829
Barnesiella intestinihominis,NA,4.5e-05,NA,NA,NA,NA,NA,NA,NA,3.5e-05,0.006205,3.2e-05,NA,0.007754,4e-05,1.8e-05,0.002728,0.006071,NA,7e-06,NA,NA,NA,NA,0.000757,0.002449,NA,0.000461,2e-05,7.7e-05,0.000141,0.009418,0.000103,0.000544
Coprobacillus sp. D6,NA,1e-05,NA,1.4e-05,NA,NA,0.000118,NA,NA,NA,NA,NA,NA,8e-06,NA,9.6e-05,0.000234,0.000638,NA,0.000333,NA,NA,NA,6e-05,NA,NA,NA,NA,NA,NA,0.000375,NA,NA,NA
Providencia vermicola,NA,NA,NA,NA,NA,NA,NA,NA,NA,NA,NA,NA,NA,NA,NA,NA,NA,NA,NA,NA,NA,NA,NA,NA,NA,9.2e-05,NA,0.00444,0.005925,0.000941,0.000738,NA,NA,0.000326
Faecalibacterium prausnitzii,0.007366,0.072022,0.103988,0.08716,0.006454,0.007661,0.006787,0.092982,0.108472,0.011552,0.10662,0.000208,0.012897,0.080045,0.001058,0.00066,7.5e-05,0.058563,0.089379,0.047789,0.128596,0.006396,0.000926,0.102581,0.137742,0.022908,0.138379,0.098773,0.12175,0.073708,0.013174,0.009132,0.122154,0.117239
bacterium NLAE-zl-P827,0.001377,0.000795,0.001422,NA,0.003142,0.010381,0.003536,0.001071,4.3e-05,7.9e-05,0.000228,0.001462,0.000318,0.001553,0.000388,0.000186,0.001721,0.000645,0.012473,0.001722,NA,NA,0.000622,0.001766,0.000657,0.001911,0.003108,0.001937,0.000757,0.008047,0.007284,0.003825,0.000886,0.000871
butyrate-producing bacterium A1-86,NA,NA,NA,1.4e-05,2.3e-05,NA,1.4e-05,NA,NA,NA,8e-06,8.8e-05,1.1e-05,8e-06,1e-05,7.5e-05,NA,NA,0.005777,7e-06,1e-05,NA,0.003025,0.000159,0.001966,NA,0.000452,NA,0.006752,0.004078,2.3e-05,0.00013,4.1e-05,0.006747
bacterium NLAE-zl-P872,NA,1e-05,1.6e-05,NA,7.9e-05,NA,8.3e-05,NA,8e-06,NA,2.4e-05,9e-06,1.1e-05,0.000378,3e-05,5.1e-05,NA,0.000404,NA,0.00025,0.000115,NA,NA,0.000298,2.3e-05,NA,NA,2.3e-05,5.9e-05,2.7e-05,0.000141,7.8e-05,NA,NA
Oceanicola granulosus,NA,NA,NA,NA,NA,NA,NA,NA,NA,NA,NA,NA,NA,NA,NA,NA,NA,NA,NA,NA,NA,NA,NA,NA,NA,NA,NA,NA,NA,NA,3.5e-05,NA,NA,NA
butyrate-producing bacterium L1-93,NA,0.004548,NA,NA,0.000113,0.003719,0.000799,0.01289,0.000219,NA,NA,NA,NA,NA,NA,NA,NA,0.011573,NA,0.000115,1e-05,0.003871,0.000753,4e-05,0.007588,0.000495,0.039729,0.035853,0.00027,2.7e-05,5.9e-05,0.000104,0.000556,0.000348
Parabacteroides merdae,0.004671,0.007579,0.016755,0.009777,0.02082,0.019263,0.023891,0.019239,0.004099,0.010849,0.01278,0.014698,0.00638,0.011185,0.005969,0.023967,0.02976,0.005685,0.01936,0.009786,0.010013,0.018263,0.034203,0.012976,0.005787,0.018725,0.00077,0.013366,0.010931,0.01968,0.018198,0.012254,0.002905,0.005528
Peptostreptococcus sp. oral clone FL008,NA,0.000135,9.9e-05,3.4e-05,0.004227,0.000278,0.013408,0.000104,0.001077,0.00036,9.4e-05,3.7e-05,0.000117,0.007754,0.000237,8.1e-05,0.004203,0.001418,NA,0.015429,NA,NA,NA,0.000814,NA,0.000241,NA,NA,1e-05,0.000352,0.000316,0.00013,6.2e-05,NA
Desulfovibrio piger,0.008863,0.004738,0.005933,0.016042,0.009223,0.013378,0.006975,0.005676,0.00617,0.003517,0.001326,0.003215,0.00268,0.002737,0.002312,0.005596,0.009979,0.006129,0.004974,0.006312,0.003458,0.010183,0.008352,0.003472,0.002201,0.007268,0.001049,0.00354,0.004062,0.005301,0.010001,0.00588,0.003647,0.000218
Bacteroides ovatus,NA,NA,NA,NA,3.4e-05,NA,NA,NA,NA,1.8e-05,NA,9e-06,NA,NA,NA,1.2e-05,2.1e-05,NA,NA,NA,NA,NA,4.3e-05,NA,0.000129,0.000304,2.7e-05,5.8e-05,0.000108,6.2e-05,5.9e-05,5.2e-05,4.1e-05,NA
Alistipes putredinis,0.008145,0.011332,0.009397,0.013895,0.009732,0.005107,0.008406,0.008173,0.005297,0.003947,0.001992,0.005219,0.003179,0.00385,0.004136,0.007847,0.007997,0.010229,0.006887,0.00354,0.002957,0.005386,0.007454,0.005456,0.0026,0.005661,0.003932,0.003217,0.003649,0.00596,0.006499,0.007675,0.00239,0.000827
Odoribacter splanchnicus,NA,0.001076,0.003531,0.00108,0.001729,0.002609,0.002779,0.003698,0.001429,0.001424,0.000748,0.00093,0.000807,0.000678,0.000846,0.002965,0.001753,0.001924,0.001798,0.000991,0.000896,0.002357,0.003836,0.002857,0.00118,0.00126,0.000359,9e-04,0.000782,0.000937,0.000913,0.00065,0.000144,6.5e-05
Clostridium sp. NML 04A032,NA,NA,NA,NA,NA,NA,NA,NA,NA,NA,NA,NA,NA,NA,NA,NA,1.1e-05,NA,NA,NA,NA,NA,NA,NA,NA,NA,NA,NA,NA,NA,2.3e-05,NA,NA,NA
Anaerotruncus sp. NML 070203,NA,0.00046,5.4e-05,0.000143,7.9e-05,NA,6.9e-05,0.000173,3.5e-05,3.5e-05,2.8e-05,5.6e-05,NA,7e-05,1e-05,0.000174,0.000181,0.000528,7.7e-05,0.000247,0.00027,NA,0.000217,0.000992,NA,NA,NA,2.3e-05,2.5e-05,8.9e-05,8.2e-05,5.2e-05,8.2e-05,NA
unidentified rumen bacterium RF21,NA,NA,1.9e-05,NA,NA,NA,4.2e-05,4.3e-05,1.6e-05,NA,2e-05,NA,NA,8e-06,1e-05,1.2e-05,NA,NA,NA,NA,1e-05,NA,NA,NA,NA,NA,NA,NA,2.5e-05,1.2e-05,2.3e-05,NA,NA,NA
Peptostreptococcus stomatis,NA,6.5e-05,3.8e-05,1.4e-05,0.000757,NA,0.013394,0.000225,0.001464,0.000343,5.3e-05,6.9e-05,3.2e-05,0.005514,0.000156,4.5e-05,0.002195,0.001086,NA,0.002697,NA,0.000168,NA,0.000595,NA,0.000106,NA,NA,NA,1.5e-05,0.000246,NA,NA,NA
unidentified rumen bacterium RF8,NA,NA,0.000245,NA,NA,NA,0.000459,NA,0.000184,0.000211,NA,NA,NA,0.000119,0.000212,NA,1.1e-05,2.9e-05,NA,NA,1e-05,NA,NA,NA,NA,1.4e-05,NA,NA,5.4e-05,NA,8.2e-05,NA,NA,NA
Anaerostipes hadrus,0.00012,0.001371,0.007396,0.000707,0.003764,0.011158,0.004488,3.5e-05,0.003868,0.000317,0.001012,0.003858,0.000255,0.000526,0.000136,0.002605,0.005551,0.001053,0.013009,0.000458,0.000275,0.006144,0.009669,0.000119,0.003838,0.009327,0.001594,0.00128,0.002262,0.002145,0.003033,0.020111,0.013435,0.003439
Parvimonas micra,NA,1e-05,NA,NA,0.000237,NA,0.000472,NA,8e-06,NA,8e-06,NA,NA,0.000242,NA,NA,4.8e-05,4e-05,NA,0.001126,NA,NA,NA,NA,NA,1.4e-05,NA,NA,NA,1.5e-05,NA,NA,4.1e-05,NA
Clostridiales bacterium 9403326,NA,NA,NA,NA,NA,NA,NA,NA,NA,NA,NA,NA,NA,NA,NA,NA,2.1e-05,NA,NA,3.3e-05,NA,0.000168,NA,NA,NA,NA,NA,NA,NA,NA,NA,NA,NA,NA
Rothia sp. THG-T3,NA,4e-05,6e-06,NA,NA,NA,NA,NA,NA,NA,NA,NA,NA,8e-06,NA,NA,1.1e-05,7e-06,NA,NA,NA,NA,NA,NA,NA,NA,NA,NA,NA,NA,NA,NA,NA,NA
Leuconostoc carnosum,NA,NA,NA,NA,NA,NA,NA,NA,2e-05,NA,NA,NA,NA,NA,NA,NA,1.6e-05,NA,NA,NA,NA,NA,NA,NA,NA,NA,NA,NA,NA,NA,NA,NA,NA,NA
Bacteroides nordii,NA,NA,NA,NA,NA,NA,2.1e-05,NA,3.5e-05,NA,1.6e-05,8.3e-05,1.1e-05,8e-06,2e-05,0.000105,0.000192,NA,NA,7e-06,NA,NA,NA,NA,1.8e-05,NA,NA,NA,NA,NA,NA,NA,NA,NA
Streptococcus constellatus,NA,3.5e-05,6e-06,NA,0.000283,NA,0.001327,3.5e-05,7.8e-05,1.8e-05,NA,NA,NA,0.000205,NA,NA,8e-05,0.000375,NA,0.000853,NA,0.002861,NA,NA,NA,NA,NA,NA,NA,NA,NA,NA,6.2e-05,NA
Bifidobacterium longum,NA,6e-05,6e-06,2e-05,NA,NA,NA,NA,2e-05,1.8e-05,0.000325,5.6e-05,0.000271,3.3e-05,0.000227,NA,5.3e-05,NA,NA,4.9e-05,NA,NA,4.3e-05,NA,NA,NA,0.001846,NA,3.4e-05,NA,NA,NA,0.000185,NA
Peptostreptococcaceae bacterium TM5,NA,NA,4.5e-05,0.000177,0.000396,NA,NA,0.000803,4.3e-05,NA,1.2e-05,2.8e-05,NA,NA,NA,1.2e-05,0.000485,1.1e-05,NA,0.00079,5e-05,NA,0.000188,NA,NA,NA,0.005393,NA,2e-05,2.7e-05,NA,7.8e-05,NA,NA
Campylobacter showae,NA,NA,NA,NA,2.3e-05,NA,2.8e-05,NA,NA,NA,NA,NA,NA,8e-06,NA,NA,7.5e-05,7e-06,NA,7e-06,NA,NA,NA,NA,NA,NA,NA,NA,NA,NA,NA,NA,NA,NA
Ruminococcus gauvreauii,NA,NA,NA,2e-05,0.000113,NA,NA,5.2e-05,NA,NA,NA,NA,NA,NA,NA,6e-06,5.3e-05,1.8e-05,NA,NA,NA,NA,NA,NA,NA,NA,NA,NA,NA,NA,NA,NA,NA,NA
Bifidobacterium thermacidophilum,0.00018,3e-05,0.000617,0.000109,0.000124,NA,2.1e-05,NA,NA,NA,0.000179,5.1e-05,5.3e-05,0.000238,NA,NA,0.000202,NA,NA,1.6e-05,NA,NA,NA,NA,NA,NA,2.7e-05,NA,NA,NA,NA,NA,4.1e-05,NA
Lachnospiraceae bacterium DJF_VR44,NA,4.5e-05,0.000321,8.8e-05,7.9e-05,NA,3.5e-05,3.5e-05,9e-05,0.00022,0.000642,8.3e-05,NA,0.000148,0.000161,2.4e-05,0.000325,5.8e-05,7.7e-05,5.6e-05,0.000215,0.000168,NA,0.000119,3.5e-05,0.000106,0.00182,2.3e-05,8.9e-05,2.7e-05,NA,NA,NA,NA
Pseudoflavonifractor capillosus,NA,NA,NA,NA,NA,NA,NA,NA,NA,NA,1.2e-05,3.7e-05,1.1e-05,1.2e-05,2e-05,3.3e-05,2.1e-05,2.6e-05,NA,1.3e-05,2.5e-05,NA,NA,NA,NA,NA,NA,NA,NA,NA,NA,NA,NA,NA
Actinomyces cardiffensis,NA,NA,NA,NA,NA,NA,NA,6e-05,NA,NA,8e-06,NA,NA,1.6e-05,NA,NA,2.1e-05,NA,NA,1e-05,NA,NA,NA,NA,NA,NA,NA,NA,NA,NA,NA,NA,NA,NA
Clostridium chauvoei,NA,NA,NA,NA,2.3e-05,0.000222,0.000181,NA,NA,1.8e-05,NA,1.4e-05,1.1e-05,NA,NA,6e-06,0.000149,NA,NA,NA,4.5e-05,NA,4.3e-05,NA,NA,NA,0.00182,NA,NA,NA,NA,5.2e-05,0.000268,NA
Paenibacillus polymyxa,NA,NA,NA,NA,3.4e-05,NA,NA,NA,NA,NA,NA,9e-06,NA,NA,NA,NA,1.1e-05,NA,NA,NA,NA,NA,NA,NA,NA,NA,4e-05,NA,NA,NA,NA,NA,NA,NA
Clostridium asparagiforme,NA,NA,NA,NA,NA,NA,1.4e-05,NA,NA,NA,1.2e-05,NA,NA,NA,NA,NA,1.1e-05,NA,NA,NA,NA,NA,NA,NA,2.3e-05,NA,NA,NA,NA,NA,NA,NA,NA,4.4e-05
Pseudomonas fluorescens,NA,NA,NA,NA,NA,NA,0.000118,NA,NA,NA,NA,1.4e-05,NA,0.000185,NA,1.8e-05,2.1e-05,9.1e-05,NA,4e-05,NA,NA,NA,4e-05,NA,NA,NA,NA,NA,5.4e-05,NA,NA,NA,NA
Clostridium sp. AG07-1,NA,NA,NA,NA,NA,NA,NA,NA,NA,NA,NA,NA,NA,NA,NA,NA,1.1e-05,NA,NA,NA,NA,NA,NA,NA,NA,NA,NA,NA,NA,NA,NA,NA,NA,NA
Leuconostoc inhae,NA,NA,NA,1.4e-05,NA,NA,NA,NA,0.000125,NA,NA,NA,NA,NA,NA,NA,3.7e-05,NA,NA,NA,NA,NA,NA,NA,NA,NA,NA,NA,NA,NA,NA,NA,NA,NA
Clostridium chartatabidum,NA,NA,NA,NA,NA,NA,NA,NA,NA,NA,NA,NA,1.6e-05,NA,NA,0.004579,0.000421,0.000179,NA,NA,NA,NA,NA,NA,NA,NA,NA,NA,NA,NA,NA,NA,NA,NA
Clostridium scindens,NA,5.5e-05,7.6e-05,1.4e-05,6.8e-05,NA,NA,6.9e-05,6.3e-05,1.8e-05,NA,1.4e-05,NA,7e-05,3e-05,3.9e-05,0.000123,0.000124,NA,9.5e-05,0.000105,NA,NA,9.9e-05,2.3e-05,2.8e-05,NA,NA,NA,NA,NA,NA,NA,NA
[Clostridium] spiroforme,NA,NA,0.00035,0.000136,2.3e-05,NA,NA,3.5e-05,NA,NA,0.000126,4.6e-05,0.000133,4.9e-05,3.5e-05,6e-06,2.1e-05,0.000135,NA,0.000105,4e-05,NA,NA,NA,NA,NA,2.7e-05,NA,NA,NA,NA,NA,4.1e-05,NA
Coprococcus sp. DJF_CR49,NA,NA,NA,NA,NA,NA,NA,NA,NA,NA,8e-06,NA,NA,8e-06,NA,0.000306,0.018908,NA,NA,1.3e-05,NA,NA,NA,NA,NA,NA,0.000345,NA,NA,NA,NA,NA,NA,NA
Anaerotruncus colihominis,NA,5e-05,2.5e-05,NA,NA,NA,NA,NA,NA,NA,NA,1.4e-05,NA,8e-06,NA,1.5e-05,0.000112,0.000102,NA,5e-04,1.5e-05,NA,NA,NA,NA,NA,NA,NA,1e-05,1.5e-05,NA,NA,NA,NA
Gordonibacter pamelaeae,0.00012,NA,1.3e-05,8.8e-05,NA,NA,NA,NA,NA,5.3e-05,6.5e-05,NA,NA,5.8e-05,3e-05,NA,5.3e-05,8.7e-05,NA,9.9e-05,1e-05,NA,NA,NA,NA,NA,NA,NA,2e-05,8e-06,NA,NA,4.1e-05,NA
Peptoclostridium difficile,NA,NA,NA,NA,NA,NA,NA,NA,NA,NA,NA,NA,NA,NA,NA,9e-06,4.3e-05,1.8e-05,NA,NA,NA,NA,NA,NA,NA,NA,NA,NA,NA,NA,NA,NA,NA,NA
Clostridium sp. MDA2315,NA,NA,NA,NA,NA,NA,NA,NA,NA,5.3e-05,NA,NA,NA,NA,NA,NA,1.1e-05,NA,NA,NA,1.5e-05,NA,NA,NA,NA,NA,0.002231,NA,NA,NA,NA,NA,NA,NA
bacterium NLAE-zl-P39,NA,NA,6e-06,1.4e-05,0.001379,0.000111,0.000945,0.000121,3.9e-05,NA,NA,1.4e-05,2.1e-05,0.000978,NA,1.2e-05,0.000266,0.000219,NA,0.00031,NA,0.000926,NA,0.000119,NA,5e-05,NA,NA,NA,NA,NA,NA,NA,NA
Clostridium leptum,NA,0.002642,0.001126,0.006482,0.000452,0.000167,6.3e-05,0.000112,2.3e-05,1.8e-05,0.004119,0.003188,0.000849,0.000378,0.000207,0.000465,0.004923,0.003837,NA,4.9e-05,0.004394,NA,NA,NA,NA,NA,NA,2.3e-05,1.5e-05,NA,NA,NA,NA,NA
bacterium NLAE-zl-H12,NA,NA,6e-06,1.4e-05,NA,NA,1.4e-05,NA,8e-06,NA,NA,3.2e-05,NA,8e-06,1e-05,9e-06,1.6e-05,5.8e-05,NA,3.6e-05,5e-05,NA,NA,4e-05,NA,1.4e-05,NA,3.5e-05,NA,3.9e-05,NA,NA,4.1e-05,4.4e-05
Thermincola potens,NA,NA,NA,NA,NA,NA,NA,NA,NA,NA,2e-05,1.9e-05,1.1e-05,NA,NA,6e-06,4.3e-05,1.5e-05,NA,NA,NA,NA,NA,NA,NA,NA,NA,NA,NA,NA,NA,NA,NA,NA
Lachnospiraceae bacterium 19gly4,NA,2e-05,1.3e-05,6.1e-05,NA,NA,NA,NA,NA,NA,NA,NA,NA,NA,NA,2.4e-05,2.7e-05,3.3e-05,NA,3.3e-05,2e-05,NA,NA,NA,NA,NA,NA,NA,NA,8e-06,NA,NA,NA,NA
Lactobacillus iners,NA,NA,NA,NA,NA,NA,NA,NA,NA,NA,NA,NA,NA,NA,0.000116,NA,0.00024,NA,NA,NA,NA,NA,NA,NA,NA,NA,NA,NA,NA,NA,NA,NA,NA,NA
bacterium NLAE-zl-C173,NA,NA,NA,NA,0.000237,NA,NA,NA,NA,NA,NA,NA,NA,1.6e-05,NA,3e-05,1.1e-05,1.1e-05,0.000153,0.010266,NA,NA,NA,NA,NA,NA,NA,NA,NA,0.000197,NA,NA,NA,NA
Actinomyces odontolyticus,NA,1e-05,9.2e-05,4.8e-05,2.3e-05,NA,1.4e-05,NA,2.3e-05,NA,NA,NA,2.1e-05,4.5e-05,2e-05,4.2e-05,1.1e-05,0.000117,7.7e-05,4.6e-05,NA,NA,7.2e-05,NA,2.3e-05,3.5e-05,NA,NA,NA,NA,NA,NA,4.1e-05,NA
Caulobacter vibrioides,NA,NA,NA,NA,NA,NA,NA,NA,NA,NA,NA,NA,NA,8e-06,NA,NA,1.6e-05,NA,NA,NA,NA,NA,NA,NA,NA,2.8e-05,NA,NA,1e-05,NA,NA,NA,NA,NA
Clostridium disporicum,NA,NA,4.5e-05,NA,NA,0.001998,0.000215,NA,NA,NA,NA,9e-06,NA,NA,NA,NA,1.1e-05,NA,NA,NA,NA,NA,5.8e-05,NA,NA,NA,NA,NA,NA,NA,NA,NA,4.1e-05,NA
Eikenella corrodens,NA,NA,NA,NA,NA,NA,NA,NA,NA,NA,NA,NA,NA,2.5e-05,NA,NA,1.6e-05,6.6e-05,NA,0.000161,NA,NA,NA,NA,NA,NA,NA,NA,NA,NA,NA,NA,NA,NA
Christensenella minuta,NA,NA,NA,NA,NA,NA,NA,NA,8e-06,NA,NA,NA,NA,NA,NA,6e-06,2.7e-05,5.8e-05,7.7e-05,NA,1e-05,NA,NA,NA,NA,NA,NA,NA,NA,8e-06,NA,NA,NA,NA
Corynebacterium durum,NA,NA,6e-06,NA,NA,NA,NA,NA,NA,NA,NA,NA,NA,NA,NA,NA,1.1e-05,NA,NA,NA,NA,NA,NA,NA,NA,NA,NA,NA,NA,NA,NA,NA,NA,NA
Paenibacillus curdlanolyticus,NA,NA,NA,NA,6.8e-05,0.000111,2.1e-05,NA,NA,NA,NA,2.3e-05,NA,3.7e-05,1e-05,9e-06,1.6e-05,NA,NA,NA,NA,NA,NA,NA,NA,NA,NA,NA,1e-05,NA,NA,NA,NA,NA
Clostridiales bacterium 10-3b,NA,NA,NA,2e-05,NA,NA,NA,NA,NA,NA,1.2e-05,NA,2.1e-05,1.2e-05,NA,NA,6.9e-05,7e-06,NA,NA,NA,NA,NA,NA,NA,NA,NA,NA,NA,NA,NA,NA,NA,NA
Varibaculum cambriense,NA,NA,1.6e-05,NA,0.000362,0.000111,0.000195,NA,5.9e-05,NA,NA,NA,NA,0.000859,NA,NA,4.8e-05,6.6e-05,NA,0.000635,NA,NA,NA,NA,NA,1.4e-05,NA,NA,NA,4.6e-05,NA,NA,NA,NA
Actinobacillus porcinus,NA,8e-05,3.5e-05,1.4e-05,NA,0.000111,1.4e-05,5.2e-05,6.3e-05,NA,4.5e-05,4.6e-05,9.6e-05,NA,1e-05,3e-05,1.1e-05,NA,NA,6.9e-05,NA,NA,NA,7.9e-05,NA,1.4e-05,0.000106,NA,2e-05,8e-06,NA,NA,NA,NA
Eggerthella lenta,NA,NA,5.1e-05,1.4e-05,6.8e-05,NA,NA,NA,NA,1.8e-05,4.1e-05,NA,NA,3.7e-05,1e-05,NA,4.3e-05,2.2e-05,NA,9.9e-05,NA,NA,2.9e-05,4e-05,NA,NA,NA,NA,NA,NA,NA,NA,NA,NA
Eubacterium desmolans,NA,5e-05,3.8e-05,0.000109,4.5e-05,NA,4.2e-05,3.5e-05,4.7e-05,3.5e-05,0.00011,7.4e-05,5.3e-05,0.000316,4e-05,5.7e-05,0.000154,0.000346,0.00023,0.001189,2e-05,NA,2.9e-05,7.9e-05,3.5e-05,NA,0.004038,4.6e-05,4.4e-05,0.000147,NA,NA,NA,NA
Clostridium sp. ID5,NA,NA,0.000223,8.2e-05,7.9e-05,NA,NA,NA,NA,NA,NA,NA,NA,NA,NA,6e-06,0.001066,0.00016,NA,0.000181,1e-05,NA,NA,NA,NA,NA,NA,NA,NA,NA,NA,NA,NA,NA
Pasteurella multocida,NA,NA,NA,NA,NA,NA,2.8e-05,NA,NA,NA,NA,NA,NA,NA,NA,NA,1.6e-05,NA,NA,NA,NA,NA,NA,NA,NA,NA,NA,NA,NA,NA,NA,NA,NA,NA
Eubacterium hallii,NA,4.5e-05,2.5e-05,1.4e-05,0.000158,NA,4.2e-05,NA,2.7e-05,5.3e-05,2.4e-05,6.5e-05,NA,0.000103,1e-05,2.1e-05,1.1e-05,5.8e-05,NA,4.9e-05,2e-05,NA,NA,6e-05,8.2e-05,0.000134,0.000252,0.000127,0.000192,0.00012,NA,0.000312,0.000144,4.4e-05
Bifidobacterium breve,NA,3.5e-05,NA,6.1e-05,NA,NA,NA,NA,NA,NA,8.9e-05,0.000176,0.000382,5.3e-05,NA,NA,1.1e-05,5.1e-05,NA,NA,NA,NA,0.000203,NA,NA,2.1e-05,NA,NA,NA,NA,NA,NA,NA,NA
Haemophilus ducreyi,NA,NA,NA,NA,NA,NA,NA,NA,NA,NA,NA,NA,NA,NA,NA,NA,3.7e-05,NA,NA,NA,NA,NA,NA,NA,NA,NA,NA,NA,NA,NA,NA,NA,NA,NA
Aggregatibacter aphrophilus,NA,NA,NA,NA,NA,NA,NA,NA,NA,NA,NA,NA,NA,NA,NA,6e-06,1.6e-05,NA,NA,NA,NA,NA,NA,NA,NA,NA,NA,NA,NA,NA,NA,NA,NA,NA
Bifidobacterium adolescentis,NA,NA,NA,NA,NA,NA,NA,0.001235,1.6e-05,5.3e-05,4.1e-05,NA,NA,NA,NA,NA,3.2e-05,NA,NA,NA,NA,NA,NA,NA,NA,4.2e-05,8e-05,NA,1e-05,NA,NA,NA,0.000268,NA
Bacteroides rodentium,NA,7.5e-05,3.5e-05,7.5e-05,0.000384,0.000222,0.000118,NA,8e-06,NA,7.3e-05,9e-06,1.1e-05,3.3e-05,NA,4.5e-05,2.1e-05,5.8e-05,NA,1.6e-05,NA,NA,4.3e-05,7.9e-05,0.000335,0.000191,2.7e-05,6.9e-05,0.000143,0.000399,NA,0.000104,4.1e-05,NA
Eubacterium coprostanoligenes,NA,1.5e-05,1.3e-05,NA,NA,NA,NA,NA,NA,NA,NA,1.9e-05,NA,8e-06,NA,3.3e-05,0.000298,NA,NA,NA,NA,NA,NA,NA,NA,2.8e-05,NA,NA,NA,NA,NA,NA,NA,NA
Fusobacterium nucleatum,NA,NA,2.9e-05,NA,0.002091,0.000167,0.010053,0.000121,0.000313,3.5e-05,3.3e-05,9e-06,1.1e-05,0.000152,NA,6.3e-05,0.001028,0.000394,NA,0.000649,NA,0.002104,2.9e-05,NA,NA,0.000134,NA,NA,NA,NA,NA,NA,NA,NA
Paludibacter propionicigenes,NA,NA,NA,NA,NA,NA,NA,NA,NA,NA,NA,NA,NA,NA,NA,NA,1.1e-05,NA,NA,NA,NA,NA,NA,NA,NA,NA,NA,NA,NA,NA,NA,NA,NA,NA
Parabacteroides johnsonii,NA,NA,6e-06,2.7e-05,NA,NA,1.4e-05,NA,NA,NA,1.6e-05,9e-06,1.1e-05,8e-06,NA,1.2e-05,1.1e-05,NA,NA,NA,NA,NA,5.8e-05,NA,1.2e-05,1.4e-05,NA,NA,NA,4.6e-05,NA,NA,NA,NA
Fusobacterium ulcerans,NA,NA,NA,NA,NA,NA,NA,NA,NA,NA,NA,NA,NA,NA,NA,NA,1.1e-05,NA,NA,NA,NA,NA,NA,NA,NA,NA,NA,NA,NA,NA,NA,NA,NA,NA
Bifidobacterium animalis,NA,1.5e-05,0.000251,0.000116,0.000136,NA,NA,NA,NA,NA,8.1e-05,1.9e-05,1.1e-05,7e-05,NA,NA,4.8e-05,NA,NA,4e-05,NA,NA,NA,NA,NA,NA,0.000306,NA,2e-05,NA,NA,7.8e-05,NA,NA
Dielma fastidiosa,NA,NA,2.2e-05,NA,NA,NA,NA,NA,NA,NA,2e-05,1.4e-05,NA,2.5e-05,1e-05,1.8e-05,1.6e-05,2.6e-05,NA,8.2e-05,1e-05,NA,NA,NA,NA,NA,NA,NA,NA,NA,NA,NA,NA,NA
Bacteroides stercoris,0.000779,NA,NA,NA,NA,NA,NA,NA,8e-06,NA,NA,NA,NA,NA,NA,NA,1.1e-05,2.2e-05,NA,2e-05,NA,NA,NA,6e-05,NA,NA,0.002245,NA,NA,1.2e-05,NA,NA,NA,NA
bacterium NLAE-zl-C533,NA,NA,NA,NA,NA,NA,NA,NA,NA,NA,NA,NA,NA,NA,NA,NA,1.6e-05,NA,NA,7e-06,NA,NA,NA,NA,NA,NA,NA,NA,NA,NA,NA,NA,NA,NA
Clostridium sp. YIT 12069,NA,1e-05,7.6e-05,NA,5.7e-05,NA,NA,NA,1.6e-05,NA,2e-05,2.8e-05,2.7e-05,2.5e-05,1e-05,1.2e-05,8.5e-05,7e-06,NA,4e-05,NA,NA,NA,NA,NA,NA,NA,NA,NA,NA,NA,NA,NA,NA
rumen bacterium NK4B4,NA,NA,NA,NA,NA,NA,1.4e-05,NA,8e-06,NA,NA,NA,NA,NA,NA,6e-06,2.1e-05,NA,NA,NA,NA,NA,NA,NA,1.2e-05,NA,NA,NA,NA,1.9e-05,NA,NA,NA,NA
bacterium NLAE-zl-G423,NA,1.5e-05,0.00015,0.000116,0.000283,NA,2.1e-05,NA,0.000196,2.6e-05,1.2e-05,4.6e-05,1.6e-05,0.000362,1.5e-05,8.1e-05,0.001241,0.00066,7.7e-05,0.001222,NA,0.00101,NA,0.000159,NA,NA,NA,2.3e-05,0.000118,0.000105,NA,NA,NA,NA
Eubacterium sp. SA11,NA,4.5e-05,0.000118,2e-05,7.9e-05,NA,1.4e-05,NA,2.7e-05,NA,4.5e-05,9e-06,3.7e-05,0.000127,7.1e-05,3.6e-05,0.000432,0.000117,NA,0.000142,3.5e-05,NA,NA,6e-05,NA,NA,NA,2.3e-05,NA,NA,NA,5.2e-05,NA,NA
Mannheimia granulomatis,NA,NA,NA,NA,0.000373,NA,0.01115,NA,0.000305,1.8e-05,1.6e-05,3.7e-05,NA,7e-05,NA,3.6e-05,0.00016,3.3e-05,NA,0.000375,NA,0.003703,NA,NA,1.2e-05,NA,NA,NA,NA,6.2e-05,NA,NA,NA,NA
bacterium ic1291,NA,NA,6e-06,NA,NA,NA,NA,NA,1.2e-05,NA,1.6e-05,NA,NA,0.000148,NA,9e-06,3.2e-05,NA,NA,NA,NA,NA,NA,NA,NA,NA,NA,NA,NA,NA,NA,NA,NA,NA
bacterium ic1337,NA,NA,NA,NA,NA,NA,NA,NA,NA,NA,NA,NA,NA,NA,NA,NA,1.1e-05,NA,NA,NA,NA,NA,NA,NA,NA,NA,NA,NA,NA,NA,NA,NA,NA,NA
bacterium ic1340,NA,NA,NA,NA,NA,NA,NA,NA,NA,NA,NA,NA,NA,NA,NA,NA,1.1e-05,NA,NA,NA,NA,NA,NA,NA,NA,NA,NA,NA,NA,NA,NA,NA,NA,NA
Clostridium indolis,NA,4.5e-05,6e-06,0.000102,NA,NA,0.00025,1.7e-05,NA,0.000202,5.7e-05,0.00018,2.1e-05,4.5e-05,1e-05,1.5e-05,8e-05,2.6e-05,0.00264,5.9e-05,NA,NA,NA,NA,4.1e-05,NA,0.000332,8.1e-05,NA,0.000194,NA,NA,4.1e-05,NA
Xanthomonas axonopodis,NA,NA,NA,NA,NA,NA,NA,NA,NA,NA,NA,1.4e-05,NA,NA,NA,NA,NA,NA,NA,NA,NA,NA,NA,NA,NA,NA,NA,NA,NA,NA,NA,5.2e-05,NA,NA
bacterium NLAE-zl-H10,NA,1.5e-05,NA,NA,6.8e-05,NA,NA,NA,NA,NA,NA,NA,NA,NA,NA,9e-06,NA,NA,NA,1.3e-05,NA,NA,NA,NA,4.1e-05,7.8e-05,NA,0.00015,NA,3.9e-05,NA,0.000234,NA,NA
Johnsonella ignava,NA,NA,NA,NA,NA,0.000111,NA,NA,NA,NA,NA,NA,NA,1.2e-05,NA,NA,NA,NA,NA,NA,NA,NA,NA,NA,1.2e-05,NA,NA,3.5e-05,NA,NA,NA,7.8e-05,NA,NA
Senegalimassilia anaerobia,NA,NA,NA,NA,2.3e-05,NA,NA,NA,NA,NA,NA,NA,NA,NA,NA,NA,NA,NA,NA,NA,NA,NA,NA,NA,2.3e-05,2.8e-05,NA,NA,1e-05,NA,NA,5.2e-05,NA,NA
Lactococcus lactis,NA,2.5e-05,6e-06,6.8e-05,NA,NA,NA,NA,NA,NA,NA,NA,NA,4.9e-05,2e-05,NA,NA,7e-06,7.7e-05,NA,1e-05,NA,NA,NA,NA,NA,2.7e-05,NA,NA,NA,NA,5.2e-05,NA,NA
Clostridiales bacterium CIEAF 022,NA,NA,2.5e-05,NA,7.9e-05,NA,NA,NA,3.1e-05,2.6e-05,0.000167,NA,NA,NA,NA,NA,NA,0.000117,NA,7.2e-05,NA,NA,NA,NA,NA,NA,NA,2.3e-05,NA,5e-05,NA,5.2e-05,NA,NA
Bacteroides sp. Smarlab 3302398,NA,1e-05,1.3e-05,NA,NA,NA,NA,NA,NA,NA,NA,1.4e-05,NA,NA,NA,2.4e-05,NA,1.5e-05,NA,NA,NA,NA,NA,NA,NA,NA,NA,6.9e-05,NA,1.5e-05,NA,0.000156,NA,6.5e-05
Collinsella tanakaei,NA,NA,NA,NA,0.000124,0.000111,1.4e-05,NA,NA,NA,NA,NA,NA,NA,NA,NA,NA,NA,NA,NA,NA,NA,4.3e-05,NA,3.5e-05,1.4e-05,5.3e-05,2.3e-05,1.5e-05,8e-06,NA,0.000182,8.2e-05,NA
Bacteroides fluxus,NA,NA,NA,NA,NA,NA,NA,NA,NA,NA,8e-06,NA,NA,NA,NA,NA,NA,NA,NA,NA,NA,NA,NA,NA,NA,NA,NA,NA,NA,0.000194,NA,0.000416,NA,NA
Clostridium saccharoperbutylacetonicum,NA,NA,NA,NA,NA,NA,NA,NA,NA,NA,NA,NA,NA,NA,NA,NA,NA,NA,NA,NA,NA,NA,NA,NA,NA,NA,NA,NA,NA,NA,NA,5.2e-05,NA,NA
Slackia heliotrinireducens,NA,NA,NA,NA,NA,NA,NA,NA,NA,NA,NA,NA,NA,NA,NA,NA,NA,NA,NA,NA,NA,NA,NA,NA,NA,NA,NA,NA,NA,NA,NA,5.2e-05,4.1e-05,NA
Dorea formicigenerans,NA,NA,NA,NA,0.001729,NA,NA,NA,NA,NA,NA,NA,NA,NA,NA,NA,NA,NA,NA,NA,NA,NA,NA,NA,0.002113,0.003227,NA,NA,0.004391,0.002602,NA,0.005021,0.00169,0.001545
Eubacterium eligens,NA,6e-05,0.003954,9.5e-05,NA,0.018597,6.3e-05,NA,2.7e-05,NA,2e-05,0.000222,0.000111,7.4e-05,4.5e-05,6e-06,NA,7e-06,NA,7e-06,5.5e-05,NA,5.8e-05,9.9e-05,1.2e-05,0.000255,NA,2.3e-05,3.9e-05,NA,NA,5.2e-05,NA,NA
Lachnospiraceae bacterium 3_1_57FAA_CT1,NA,NA,NA,NA,2.3e-05,NA,NA,NA,NA,NA,NA,NA,NA,NA,NA,NA,NA,7e-06,NA,NA,5.5e-05,NA,NA,NA,1.8e-05,4.2e-05,NA,NA,NA,1.2e-05,NA,0.000208,NA,NA
Enorma massiliensis,NA,3.5e-05,NA,NA,9e-05,NA,NA,NA,NA,NA,NA,NA,NA,1.6e-05,NA,NA,NA,NA,NA,NA,NA,NA,NA,NA,0.000264,0.000134,0.000306,0.000115,4.4e-05,NA,NA,0.00026,0.000247,NA
butyrate-producing bacterium T2-132,NA,0.002737,NA,NA,NA,NA,NA,NA,NA,0.007376,NA,NA,0.003047,0.000362,NA,NA,NA,NA,NA,0.004699,NA,NA,NA,NA,1.2e-05,NA,0.005087,NA,0.002287,0.003946,NA,5.2e-05,0.016588,NA
Ruminococcus sp. JC304,NA,5e-05,6e-06,1.4e-05,6.8e-05,NA,NA,NA,NA,2.6e-05,NA,4.2e-05,2.7e-05,NA,NA,6e-06,NA,1.8e-05,NA,5.6e-05,3.5e-05,NA,2.9e-05,4e-05,2.9e-05,NA,5.3e-05,NA,1e-05,NA,NA,5.2e-05,NA,NA
Phascolarctobacterium sp. 377,NA,NA,NA,NA,NA,NA,NA,NA,NA,NA,NA,NA,NA,NA,NA,NA,NA,NA,NA,NA,NA,NA,NA,NA,NA,NA,NA,NA,NA,NA,NA,0.001223,0.000865,0.006638
Actinomyces sp. oral clone CT047,NA,NA,2.5e-05,1.4e-05,NA,NA,NA,1.7e-05,NA,NA,NA,NA,NA,8e-06,NA,NA,NA,NA,NA,NA,NA,NA,NA,4e-05,NA,NA,NA,NA,NA,NA,NA,NA,NA,NA
Prevotella copri,NA,NA,NA,1.4e-05,NA,NA,NA,NA,NA,4.4e-05,4.9e-05,NA,NA,NA,2.5e-05,2.7e-05,NA,NA,NA,NA,3e-05,NA,NA,NA,NA,NA,NA,NA,NA,NA,NA,NA,NA,NA
Tolumonas auensis,NA,NA,NA,1.4e-05,NA,NA,NA,NA,NA,NA,NA,NA,NA,NA,NA,NA,NA,NA,NA,NA,NA,NA,NA,NA,NA,NA,NA,NA,NA,NA,NA,NA,NA,NA
unidentified rumen bacterium RFN33,NA,6e-05,0.000146,8.8e-05,NA,NA,1.4e-05,NA,1.6e-05,NA,NA,NA,6.4e-05,0.000193,NA,6e-06,NA,NA,NA,NA,NA,NA,NA,NA,NA,NA,NA,NA,NA,NA,NA,NA,NA,NA
Clostridium lavalense,0.00018,2.5e-05,8.6e-05,4.1e-05,NA,NA,NA,7.8e-05,2.3e-05,1.8e-05,8.9e-05,6.9e-05,6.9e-05,4.9e-05,NA,0.000339,NA,0.000109,NA,0.000125,NA,NA,5.8e-05,0.000258,1.8e-05,2.1e-05,NA,NA,2e-05,1.2e-05,NA,NA,NA,6.5e-05
Herbaspirillum sp. TSA30,NA,NA,NA,2.7e-05,NA,NA,NA,NA,NA,NA,NA,NA,NA,NA,NA,NA,NA,NA,NA,1.6e-05,NA,NA,NA,6e-05,NA,NA,NA,2.3e-05,NA,8e-06,NA,NA,NA,NA
Prevotella timonensis,NA,NA,NA,2.7e-05,NA,NA,NA,NA,1.2e-05,NA,NA,NA,NA,NA,NA,NA,NA,7e-06,NA,0.000138,NA,NA,NA,NA,NA,NA,NA,NA,NA,NA,NA,NA,NA,NA
Herbaspirillum huttiense,NA,NA,NA,2.7e-05,NA,NA,NA,1.7e-05,NA,NA,NA,NA,NA,NA,NA,NA,NA,2.9e-05,0.000268,4.6e-05,NA,NA,NA,NA,1.2e-05,NA,NA,3.5e-05,NA,8e-06,NA,NA,NA,NA
bacterium NLAE-zl-H75,NA,NA,NA,2.7e-05,NA,NA,2.8e-05,4.3e-05,NA,1.8e-05,8e-06,1.4e-05,NA,7.4e-05,NA,8.1e-05,NA,4.7e-05,NA,7e-06,3e-05,NA,NA,0.000198,NA,NA,NA,6.9e-05,NA,NA,NA,NA,NA,NA
Escherichia coli,0.00018,7e-05,NA,7.5e-05,2.3e-05,NA,6.9e-05,NA,9.8e-05,0.000167,8.9e-05,0.000162,0.000287,0.00023,7.1e-05,0.000348,NA,0.00012,0.000153,6.6e-05,5.5e-05,NA,7.2e-05,6e-05,0.000188,0.00017,NA,2.3e-05,NA,NA,NA,NA,NA,NA
Lactobacillus acidophilus,NA,5.5e-05,4.5e-05,0.000129,0.000113,NA,1.4e-05,5.2e-05,NA,NA,0.000207,NA,NA,NA,6.5e-05,1.2e-05,NA,NA,NA,NA,NA,NA,NA,NA,NA,NA,0.000903,NA,3.4e-05,NA,NA,NA,NA,NA
Bacteroides clarus,NA,NA,NA,1.4e-05,NA,NA,NA,NA,NA,NA,NA,NA,NA,NA,NA,6.3e-05,NA,7e-06,NA,NA,NA,NA,NA,NA,1.2e-05,NA,0.000292,2.3e-05,NA,NA,NA,NA,NA,NA
Lactobacillus sakei,NA,NA,NA,1.4e-05,NA,NA,NA,NA,2.7e-05,NA,NA,NA,NA,NA,NA,NA,NA,NA,NA,NA,NA,NA,NA,NA,NA,NA,NA,NA,NA,NA,NA,NA,NA,NA
Lactobacillus paracasei,NA,NA,1.9e-05,2.7e-05,0.000463,NA,NA,NA,NA,NA,NA,NA,0.000154,8e-06,0.000136,NA,NA,5.1e-05,NA,0.000329,NA,NA,NA,NA,NA,NA,NA,NA,4.9e-05,3.5e-05,NA,NA,0.000268,NA
bacterium NLAE-zl-P562,NA,0.00011,1.6e-05,0.000177,NA,NA,0.000139,NA,0.000896,7.9e-05,1.2e-05,5.1e-05,2.1e-05,NA,6.5e-05,2.1e-05,NA,2.2e-05,NA,NA,NA,NA,NA,NA,NA,3.5e-05,NA,0.000173,0.000123,8e-06,NA,NA,NA,NA
Olsenella sp. F0206,NA,NA,NA,1.4e-05,NA,NA,NA,NA,NA,NA,NA,NA,NA,NA,NA,NA,NA,NA,NA,NA,NA,NA,NA,NA,NA,NA,NA,NA,NA,NA,NA,NA,NA,NA
iron-reducing bacterium enrichment culture clone FeC_1_E2,NA,NA,3.2e-05,6.1e-05,NA,NA,NA,6e-05,NA,NA,NA,NA,NA,NA,NA,NA,NA,0.00016,NA,0.000128,NA,NA,NA,NA,5.9e-05,NA,NA,4.6e-05,NA,1.5e-05,NA,NA,NA,NA
bacterium NLAE-zl-H436,NA,NA,NA,1.4e-05,NA,NA,NA,NA,8e-06,NA,NA,NA,NA,NA,NA,NA,NA,0.000284,0.00199,NA,NA,NA,NA,NA,NA,1.4e-05,0.004184,NA,NA,NA,NA,NA,NA,NA
Intestinimonas butyriciproducens,NA,NA,NA,1.4e-05,NA,0.000111,1.4e-05,NA,NA,NA,8e-06,1.4e-05,NA,3.3e-05,1.5e-05,6e-06,NA,1.5e-05,NA,4e-05,2e-05,NA,NA,NA,NA,NA,NA,NA,NA,NA,NA,NA,4.1e-05,NA
Catabacter hongkongensis,NA,NA,NA,2e-05,NA,NA,NA,NA,NA,NA,NA,NA,NA,NA,NA,NA,NA,3.6e-05,NA,NA,NA,NA,NA,NA,NA,NA,NA,NA,NA,NA,NA,NA,NA,NA
bacterium NLAE-zl-C312,NA,NA,NA,2e-05,NA,NA,NA,NA,NA,NA,NA,NA,NA,NA,NA,NA,NA,NA,NA,NA,NA,NA,NA,NA,NA,NA,NA,NA,NA,NA,NA,NA,NA,NA
Pantoea dispersa,0.00012,NA,NA,9.5e-05,2.3e-05,NA,4.2e-05,NA,0.000161,NA,0.000289,NA,0.000101,3.3e-05,NA,0.000177,NA,1.5e-05,NA,3.3e-05,3e-05,NA,0.00013,NA,1.2e-05,NA,NA,NA,NA,3.1e-05,NA,NA,NA,NA
Bifidobacterium catenulatum,NA,NA,NA,1.4e-05,NA,NA,NA,NA,NA,NA,NA,NA,NA,NA,NA,NA,NA,NA,NA,NA,NA,NA,NA,NA,NA,NA,NA,NA,NA,NA,NA,NA,NA,NA
Streptococcus rubneri,NA,0.000255,1.6e-05,1.4e-05,NA,NA,4.2e-05,2.6e-05,1.2e-05,NA,NA,NA,NA,NA,NA,1.5e-05,NA,7e-06,7.7e-05,7e-06,1e-05,NA,NA,NA,NA,NA,NA,6.9e-05,1.5e-05,8e-06,NA,NA,NA,NA
Bacteroides salanitronis,NA,1e-05,6e-06,2.7e-05,NA,NA,NA,NA,NA,NA,8e-06,NA,NA,2.5e-05,NA,NA,NA,NA,NA,NA,NA,NA,NA,NA,3.5e-05,5.7e-05,NA,NA,NA,8e-06,NA,NA,NA,NA
Flavobacterium ceti,0.00012,NA,4.1e-05,1.4e-05,NA,NA,NA,0.001166,1.6e-05,NA,NA,NA,1.1e-05,NA,NA,NA,NA,NA,NA,7e-06,NA,0.000168,NA,7.9e-05,NA,NA,NA,NA,NA,NA,NA,NA,NA,NA
Desulfovibrio desulfuricans,NA,NA,NA,1.4e-05,NA,NA,NA,NA,NA,NA,NA,NA,NA,NA,NA,NA,NA,NA,NA,NA,NA,NA,NA,NA,NA,NA,2.7e-05,NA,NA,NA,NA,NA,NA,NA
Sideroxydans lithotrophicus,NA,NA,1.3e-05,4.1e-05,NA,NA,NA,NA,NA,NA,NA,NA,NA,NA,NA,NA,NA,NA,NA,NA,NA,NA,NA,NA,NA,NA,NA,NA,NA,NA,NA,NA,NA,NA
bacterium enrichment culture clone NBAR007,NA,1e-05,NA,3.4e-05,NA,NA,NA,NA,5.5e-05,NA,1.6e-05,9e-06,2.1e-05,8e-06,1e-05,1.5e-05,NA,2.6e-05,7.7e-05,1.3e-05,1.5e-05,NA,NA,NA,NA,NA,NA,NA,NA,NA,NA,NA,NA,NA
Dialister sp. oral clone BS095,0.010241,0.030648,NA,1.4e-05,NA,NA,NA,NA,NA,NA,NA,NA,NA,8e-06,NA,1.2e-05,NA,NA,NA,NA,NA,NA,NA,NA,NA,NA,0.002444,NA,NA,NA,NA,NA,NA,NA
Streptococcus pseudopneumoniae,NA,4.5e-05,6e-06,4.1e-05,0.000237,NA,6.9e-05,NA,8e-06,NA,8e-06,NA,NA,1.6e-05,1e-05,4.5e-05,NA,NA,NA,0.00028,NA,NA,NA,4e-05,1.2e-05,NA,NA,NA,1e-05,NA,NA,NA,NA,NA
Cronobacter sakazakii,0.263505,0.029122,9.2e-05,0.142922,0.000362,0.001998,0.020932,0.00038,0.122663,0.059142,0.106559,0.130117,0.14382,4.9e-05,0.076454,0.131438,NA,0.071,0.130854,0.078961,0.04842,NA,0.080188,0.114288,0.073895,0.041159,4e-05,0.002745,7.4e-05,0.003148,NA,NA,NA,6.5e-05
Bacteroides cellulosilyticus,NA,NA,6e-06,1.4e-05,NA,0.000222,1.4e-05,NA,3.9e-05,NA,NA,NA,NA,NA,NA,2.7e-05,NA,NA,NA,NA,2e-05,NA,NA,NA,5.3e-05,2.8e-05,NA,3.5e-05,2e-05,3.9e-05,NA,NA,0.000144,NA
unidentified marine bacterioplankton,NA,NA,NA,NA,NA,NA,NA,NA,NA,NA,NA,NA,NA,NA,NA,NA,NA,NA,NA,NA,NA,NA,NA,NA,NA,NA,NA,NA,NA,0.000163,NA,NA,NA,NA
[Ruminococcus] torques,NA,NA,6e-06,NA,NA,NA,NA,NA,NA,NA,8e-06,NA,NA,8e-06,0.000106,NA,NA,NA,NA,7e-06,2e-05,NA,NA,NA,4.7e-05,NA,NA,NA,2e-05,8e-06,NA,NA,NA,NA
Anaerococcus vaginalis,NA,NA,NA,NA,6.8e-05,NA,0.000195,NA,8e-06,NA,1.6e-05,2.3e-05,NA,0.002507,NA,NA,NA,NA,NA,0.000487,NA,NA,NA,NA,NA,NA,NA,NA,NA,8e-06,NA,NA,NA,NA
Enterobacter sp. Nj-68,NA,NA,NA,NA,NA,NA,NA,NA,NA,NA,NA,NA,0.000111,2.5e-05,0.000171,NA,NA,NA,NA,NA,NA,NA,NA,NA,NA,NA,NA,NA,NA,2.3e-05,NA,NA,NA,NA
Enterobacter sp. enrichment culture clone HSL65,NA,NA,NA,NA,NA,NA,NA,NA,NA,NA,NA,NA,NA,NA,NA,NA,NA,NA,NA,NA,NA,NA,NA,NA,NA,NA,NA,NA,NA,0.000108,NA,NA,NA,NA
Bacteroides paurosaccharolyticus,NA,1e-05,3.5e-05,NA,NA,NA,0.000104,NA,NA,NA,8e-06,NA,NA,NA,2e-05,5.7e-05,NA,NA,NA,1.6e-05,NA,NA,NA,NA,2.3e-05,1.4e-05,NA,NA,6.4e-05,2.7e-05,NA,NA,NA,NA
Erwinia psidii,NA,3e-05,NA,NA,NA,NA,NA,NA,NA,NA,NA,NA,NA,NA,NA,NA,NA,NA,NA,NA,NA,NA,7.2e-05,NA,0.000123,5e-05,NA,4.6e-05,NA,1.9e-05,NA,NA,NA,NA
Clostridium phytofermentans,NA,NA,NA,NA,NA,NA,NA,NA,NA,NA,NA,9e-06,NA,NA,NA,NA,NA,NA,NA,NA,NA,NA,NA,NA,NA,1.4e-05,NA,NA,NA,3.9e-05,NA,NA,0.000103,0.000131
Parvibacter caecicola,NA,NA,NA,NA,NA,NA,NA,NA,NA,NA,NA,NA,NA,NA,NA,NA,NA,NA,NA,NA,NA,NA,2.9e-05,NA,NA,5e-05,NA,NA,NA,1.5e-05,NA,NA,NA,NA
Pediococcus pentosaceus,NA,0.000155,NA,NA,NA,NA,NA,NA,NA,NA,4.9e-05,1.9e-05,2.1e-05,0.000251,NA,NA,NA,4.4e-05,NA,7.2e-05,NA,NA,NA,NA,NA,NA,NA,NA,NA,1.5e-05,NA,NA,NA,NA
Clostridium hathewayi,NA,NA,NA,NA,NA,NA,NA,NA,NA,NA,NA,NA,NA,NA,NA,NA,NA,NA,NA,0.000165,NA,NA,NA,NA,NA,NA,NA,NA,NA,1.5e-05,NA,NA,NA,NA
Novispirillum itersonii,NA,NA,1.3e-05,NA,4.5e-05,NA,4.9e-05,NA,8e-06,NA,NA,NA,NA,NA,NA,NA,NA,NA,NA,NA,NA,NA,2.9e-05,NA,NA,NA,NA,NA,2.5e-05,4.3e-05,NA,NA,NA,NA
Desulfotomaculum acetoxidans,NA,NA,NA,NA,NA,NA,NA,NA,NA,NA,NA,NA,NA,NA,NA,NA,NA,NA,NA,NA,NA,NA,NA,NA,NA,NA,NA,NA,NA,1.2e-05,NA,NA,NA,4.4e-05
Pantoea stewartii,NA,NA,NA,NA,NA,0.000111,1.4e-05,NA,NA,NA,NA,NA,NA,NA,0.001793,NA,NA,NA,NA,NA,NA,NA,NA,NA,NA,NA,NA,NA,NA,1.2e-05,NA,NA,NA,NA
Pantoea sp. sen1006,NA,NA,NA,NA,NA,NA,NA,NA,NA,NA,NA,NA,NA,NA,NA,NA,NA,NA,NA,NA,NA,NA,NA,NA,NA,NA,NA,NA,NA,3.5e-05,NA,NA,NA,NA
Providencia sp. enrichment culture clone SRC_NBB16,NA,2e-05,NA,NA,NA,NA,NA,NA,NA,NA,NA,NA,NA,NA,NA,NA,NA,NA,NA,NA,NA,NA,NA,NA,NA,NA,NA,NA,NA,1.5e-05,NA,NA,NA,NA
Bacillus weihenstephanensis,NA,NA,NA,NA,NA,NA,NA,NA,NA,NA,NA,NA,NA,NA,NA,NA,NA,NA,NA,NA,NA,NA,NA,NA,NA,NA,NA,NA,NA,8e-06,NA,NA,NA,NA
Kluyvera ascorbata,NA,NA,NA,NA,NA,NA,NA,NA,NA,NA,NA,NA,NA,NA,NA,NA,NA,NA,NA,NA,NA,NA,NA,NA,NA,NA,NA,NA,NA,2.7e-05,NA,NA,NA,NA
Enterobacter sp. IHBB 5017,NA,NA,NA,NA,NA,NA,NA,NA,NA,NA,NA,NA,NA,NA,NA,NA,NA,NA,NA,NA,NA,NA,NA,NA,NA,NA,NA,NA,NA,2.7e-05,NA,NA,NA,NA
Staphylococcus carnosus,NA,NA,NA,NA,NA,NA,NA,NA,NA,NA,8e-06,4.6e-05,1.1e-05,3.7e-05,1e-05,2.4e-05,NA,NA,NA,NA,NA,NA,NA,NA,NA,NA,5.3e-05,NA,NA,8e-06,NA,NA,NA,NA
Bacteroides stercorirosoris,NA,NA,NA,NA,NA,NA,NA,NA,NA,NA,NA,NA,NA,NA,NA,NA,NA,NA,NA,NA,NA,NA,NA,NA,NA,NA,NA,NA,NA,1.9e-05,NA,NA,NA,NA
Ruminococcus sp. 14531,NA,NA,NA,NA,NA,NA,NA,NA,NA,NA,3.7e-05,9e-06,NA,3.7e-05,3.5e-05,NA,NA,NA,NA,NA,NA,NA,NA,NA,NA,NA,NA,NA,NA,8e-06,NA,NA,NA,NA
Rickettsia montanensis,NA,NA,NA,NA,NA,NA,NA,NA,NA,NA,NA,NA,NA,NA,NA,NA,NA,NA,NA,NA,NA,NA,NA,NA,NA,NA,NA,NA,NA,8e-06,NA,NA,NA,NA
Clostridium cellulolyticum,NA,NA,NA,NA,NA,NA,9.7e-05,NA,NA,NA,NA,NA,NA,NA,NA,NA,NA,NA,NA,7e-06,NA,NA,NA,NA,NA,NA,NA,NA,NA,2.7e-05,NA,NA,NA,NA
Clostridium symbiosum,NA,NA,NA,NA,NA,NA,NA,NA,NA,NA,NA,NA,NA,NA,NA,NA,NA,NA,NA,1.3e-05,NA,NA,NA,NA,1.2e-05,NA,9.3e-05,3.5e-05,NA,1.9e-05,NA,NA,NA,NA
Bacillus thuringiensis,NA,NA,NA,NA,NA,NA,NA,NA,NA,NA,NA,NA,NA,NA,NA,NA,NA,NA,NA,NA,NA,NA,NA,NA,NA,NA,NA,NA,NA,1.2e-05,NA,NA,NA,NA
Citrobacter sp. enrichment culture clone SRC_NBB1,NA,NA,NA,NA,NA,NA,NA,NA,NA,NA,NA,NA,NA,NA,NA,NA,NA,NA,NA,NA,NA,NA,NA,NA,NA,NA,NA,NA,NA,2.7e-05,NA,NA,NA,NA
Marvinbryantia formatexigens,NA,NA,NA,NA,NA,NA,NA,NA,NA,NA,NA,NA,NA,NA,NA,NA,NA,NA,NA,NA,NA,NA,NA,NA,NA,NA,NA,NA,NA,1.9e-05,NA,NA,NA,NA
Streptococcus pseudoporcinus,NA,NA,NA,NA,5.7e-05,NA,NA,NA,NA,NA,NA,NA,NA,NA,NA,NA,NA,NA,NA,NA,NA,NA,NA,NA,NA,NA,NA,NA,NA,8e-06,NA,NA,NA,NA
Aeromonas sp. ZL1-r,NA,NA,NA,NA,NA,NA,NA,NA,NA,NA,NA,NA,NA,NA,NA,NA,NA,NA,NA,NA,NA,NA,NA,NA,NA,NA,NA,NA,NA,8e-06,NA,NA,NA,NA
Klebsiella oxytoca,NA,NA,NA,NA,NA,NA,NA,NA,NA,NA,NA,NA,NA,NA,NA,6e-06,NA,NA,NA,NA,NA,NA,NA,NA,NA,NA,NA,NA,NA,0.00103,NA,NA,NA,NA
Burkholderia kururiensis,NA,NA,NA,NA,NA,NA,NA,NA,NA,NA,NA,NA,NA,NA,NA,NA,NA,NA,NA,NA,NA,NA,NA,NA,NA,NA,NA,NA,3e-05,1.5e-05,NA,NA,NA,NA
Bacteroides oleiciplenus,NA,NA,NA,NA,NA,NA,NA,NA,NA,NA,NA,NA,NA,NA,NA,NA,NA,NA,NA,NA,NA,NA,NA,NA,NA,NA,NA,NA,NA,8e-06,NA,NA,NA,NA
Anaerococcus sp. BG2,NA,1.5e-05,NA,NA,4.5e-05,NA,0.000306,NA,NA,NA,NA,1.9e-05,NA,NA,2.5e-05,NA,NA,NA,NA,3e-05,NA,NA,NA,NA,NA,NA,NA,NA,NA,5e-05,NA,NA,NA,NA
Sulfurimonas gotlandica,NA,NA,NA,NA,NA,NA,NA,NA,NA,NA,NA,NA,NA,NA,NA,NA,NA,NA,NA,NA,NA,NA,NA,NA,NA,NA,NA,NA,NA,8e-06,NA,NA,NA,NA
Parabacteroides goldsteinii,NA,NA,NA,NA,NA,NA,2.1e-05,NA,NA,NA,NA,NA,NA,NA,NA,NA,NA,NA,NA,NA,NA,NA,2.9e-05,NA,NA,NA,NA,NA,NA,8e-06,NA,NA,NA,NA
Enterobacter sp. Ags-6,NA,NA,NA,NA,NA,NA,NA,NA,NA,NA,NA,NA,NA,NA,NA,NA,NA,NA,NA,NA,NA,NA,NA,NA,NA,NA,NA,NA,NA,8e-06,NA,NA,NA,NA
bacterium DR.Y13,NA,NA,NA,NA,NA,NA,NA,NA,NA,NA,NA,NA,NA,0.003723,NA,NA,NA,NA,NA,NA,NA,NA,NA,NA,NA,NA,NA,NA,NA,2.3e-05,NA,NA,NA,NA
Aeromonas salmonicida,NA,NA,NA,NA,NA,NA,NA,NA,NA,NA,NA,NA,NA,NA,NA,NA,NA,NA,NA,NA,NA,NA,NA,NA,NA,NA,NA,NA,NA,0.000434,NA,NA,NA,NA
Eubacterium ventriosum,NA,NA,6e-06,NA,NA,NA,2.8e-05,NA,NA,NA,NA,NA,NA,NA,NA,NA,NA,NA,NA,NA,NA,NA,NA,NA,NA,NA,NA,NA,NA,1.9e-05,NA,NA,NA,NA
bacterium NLAE-zl-H374,NA,NA,NA,NA,NA,NA,NA,NA,NA,NA,NA,NA,NA,NA,2.5e-05,NA,NA,NA,NA,NA,NA,NA,NA,NA,NA,NA,NA,NA,NA,3.1e-05,NA,NA,NA,NA
bacterium YE64,NA,NA,NA,NA,NA,NA,NA,NA,NA,NA,NA,NA,NA,NA,NA,NA,NA,NA,NA,NA,NA,NA,NA,NA,NA,NA,NA,NA,NA,8e-06,NA,NA,4.1e-05,NA
Bacteroides vulgatus,NA,2e-05,1.9e-05,NA,NA,NA,NA,NA,NA,NA,NA,NA,NA,NA,NA,6e-06,NA,NA,NA,7e-06,NA,NA,8.7e-05,NA,2.3e-05,NA,NA,4.6e-05,2e-05,8e-06,NA,NA,NA,NA
Enterobacter sp. PG132S,NA,NA,NA,NA,NA,NA,NA,NA,NA,NA,NA,NA,NA,NA,NA,NA,NA,NA,NA,NA,NA,NA,NA,NA,NA,NA,NA,NA,NA,3.1e-05,NA,NA,NA,NA
Anaerostipes caccae,NA,NA,NA,NA,NA,NA,NA,NA,NA,NA,NA,NA,NA,NA,NA,NA,NA,NA,NA,NA,NA,NA,NA,NA,NA,NA,NA,NA,NA,3.5e-05,NA,NA,NA,NA
Clostridiales bacterium oral taxon F32,NA,NA,NA,NA,NA,NA,NA,NA,NA,NA,NA,NA,NA,NA,NA,NA,NA,NA,NA,NA,NA,0.000168,NA,NA,NA,NA,NA,NA,NA,3.5e-05,NA,NA,NA,NA
Aeromonas popoffii,NA,NA,NA,NA,NA,NA,NA,NA,NA,NA,NA,NA,NA,NA,NA,NA,NA,NA,NA,NA,NA,NA,NA,NA,NA,NA,NA,NA,NA,0.000256,NA,NA,NA,NA
bacterium NLAE-zl-G382,NA,NA,NA,NA,2.3e-05,NA,NA,NA,2e-05,NA,NA,NA,NA,NA,NA,NA,NA,NA,NA,NA,NA,0.000168,NA,NA,NA,NA,NA,4.6e-05,NA,1.9e-05,NA,NA,NA,NA
Bacteroides sp. 35BE35,NA,NA,NA,NA,NA,NA,9e-05,NA,NA,NA,NA,NA,NA,NA,NA,NA,NA,NA,NA,NA,NA,NA,NA,NA,NA,NA,NA,NA,3.4e-05,3.5e-05,NA,NA,NA,NA
Peptoniphilus indolicus,NA,NA,NA,NA,NA,NA,NA,NA,1.6e-05,NA,NA,NA,3.7e-05,1.2e-05,3e-05,6e-06,NA,7e-06,NA,9.9e-05,NA,NA,NA,NA,NA,NA,4e-05,NA,NA,NA,NA,NA,NA,NA
Blautia hydrogenotrophica,NA,NA,NA,NA,NA,NA,NA,NA,NA,NA,NA,NA,1.1e-05,8e-06,1e-05,2.4e-05,NA,2.6e-05,NA,NA,NA,NA,NA,NA,NA,NA,NA,NA,NA,NA,NA,NA,NA,NA
Erysipelotrichaceae bacterium 3_1_53,NA,NA,NA,NA,NA,NA,NA,NA,NA,NA,NA,NA,NA,8e-06,NA,NA,NA,NA,NA,NA,NA,NA,NA,NA,NA,NA,NA,NA,NA,NA,NA,NA,NA,NA
Clostridiaceae bacterium DJF_VR07,NA,NA,NA,NA,NA,NA,3.5e-05,NA,NA,NA,NA,NA,NA,2.1e-05,NA,NA,NA,NA,NA,1.6e-05,NA,NA,NA,NA,1.2e-05,NA,NA,NA,NA,NA,NA,NA,NA,NA
Enterococcus mundtii,NA,NA,0.00015,NA,NA,NA,NA,NA,8e-06,1.8e-05,NA,NA,1.6e-05,1.6e-05,NA,NA,NA,NA,NA,NA,0.000245,NA,2.9e-05,9.9e-05,NA,NA,NA,NA,NA,NA,NA,NA,NA,NA
Solobacterium moorei,NA,NA,NA,NA,NA,NA,NA,NA,NA,NA,NA,NA,NA,8e-06,NA,NA,NA,NA,NA,NA,NA,NA,NA,NA,NA,NA,NA,NA,NA,NA,NA,NA,NA,NA
Dialister pneumosintes,NA,NA,NA,NA,4.5e-05,NA,0.002959,6e-05,3.5e-05,NA,NA,NA,1.1e-05,0.000218,1.5e-05,NA,NA,NA,NA,NA,NA,NA,NA,NA,NA,NA,NA,NA,NA,NA,NA,NA,NA,NA
Streptococcus gordonii,NA,1e-05,NA,NA,0.000147,NA,NA,NA,NA,NA,1.2e-05,NA,NA,0.000464,NA,NA,NA,NA,NA,NA,NA,NA,NA,NA,NA,NA,NA,NA,NA,NA,NA,NA,0.000185,NA
Dialister propionicifaciens,NA,NA,NA,NA,NA,NA,NA,NA,NA,NA,NA,NA,NA,2.9e-05,NA,NA,NA,NA,NA,2.6e-05,NA,NA,NA,NA,NA,NA,NA,NA,NA,NA,NA,NA,NA,NA
Streptococcus anginosus,NA,NA,NA,NA,0.000113,NA,NA,NA,8e-06,NA,NA,NA,NA,8e-06,NA,NA,NA,0.00012,NA,2e-05,NA,NA,NA,NA,NA,NA,NA,NA,NA,NA,NA,NA,NA,NA
Corynebacterium tuberculostearicum,NA,NA,NA,NA,NA,NA,NA,NA,NA,3.5e-05,NA,NA,NA,1.2e-05,NA,NA,NA,NA,NA,NA,NA,NA,NA,NA,NA,NA,0.001049,NA,NA,NA,NA,NA,NA,NA
Veillonella sp. oral clone VeillE3,NA,2e-05,0.000118,NA,NA,NA,NA,NA,NA,NA,8e-06,5.1e-05,NA,1.2e-05,1.5e-05,NA,NA,7e-06,NA,NA,NA,NA,NA,NA,NA,3.5e-05,4e-05,0.00015,1e-05,NA,NA,NA,NA,NA
Citrobacter koseri,NA,NA,NA,NA,NA,NA,NA,NA,NA,NA,NA,NA,NA,2.1e-05,1.5e-05,NA,NA,1.1e-05,NA,NA,NA,NA,NA,NA,NA,NA,NA,NA,NA,NA,NA,NA,NA,NA
Shigella sonnei,NA,NA,NA,NA,NA,NA,NA,NA,NA,NA,8e-06,NA,NA,1.2e-05,NA,6e-06,NA,NA,NA,NA,NA,NA,NA,NA,NA,NA,NA,NA,NA,NA,NA,NA,NA,NA
Clostridium baratii,NA,NA,NA,NA,NA,NA,NA,NA,NA,NA,NA,NA,1.1e-05,0.000957,NA,6e-05,NA,NA,NA,NA,NA,NA,NA,NA,NA,NA,NA,NA,NA,NA,NA,NA,NA,NA
Slackia equolifaciens,NA,NA,4.1e-05,NA,4.5e-05,NA,NA,NA,NA,NA,8e-06,NA,1.6e-05,3.3e-05,NA,NA,NA,NA,NA,7e-06,NA,NA,NA,NA,NA,NA,NA,NA,NA,NA,NA,NA,NA,NA
Dickeya dadantii,NA,NA,NA,NA,NA,NA,NA,NA,8e-06,NA,8e-06,NA,1.1e-05,2.5e-05,NA,NA,NA,NA,NA,NA,NA,NA,NA,NA,NA,NA,NA,NA,NA,NA,NA,NA,NA,NA
Parvimonas sp. canine oral taxon 035,NA,NA,NA,NA,NA,NA,9e-05,NA,NA,2.6e-05,1.2e-05,NA,NA,2.1e-05,NA,NA,NA,NA,NA,1.3e-05,NA,NA,NA,NA,NA,NA,NA,NA,NA,NA,NA,NA,NA,NA
Methylogaea oryzae,NA,NA,NA,NA,NA,NA,NA,NA,NA,NA,NA,NA,NA,8e-06,NA,NA,NA,NA,NA,NA,NA,NA,NA,NA,NA,NA,NA,NA,NA,NA,NA,NA,NA,NA
Corynebacterium freneyi,NA,NA,NA,NA,NA,NA,NA,NA,NA,NA,NA,NA,NA,8e-06,1e-05,NA,NA,NA,NA,NA,NA,NA,NA,NA,NA,NA,NA,NA,NA,NA,NA,NA,NA,NA
rumen bacterium R-15,NA,NA,NA,NA,NA,NA,NA,NA,NA,NA,8e-06,NA,NA,8e-06,NA,6e-06,NA,NA,NA,NA,NA,NA,NA,NA,2.3e-05,NA,NA,NA,NA,NA,NA,NA,NA,NA
Mogibacterium neglectum,NA,NA,6e-06,NA,NA,NA,NA,NA,NA,NA,NA,NA,NA,8e-06,NA,NA,NA,7e-06,NA,7e-06,NA,NA,NA,NA,NA,NA,NA,NA,NA,NA,NA,NA,NA,NA
Candidatus Soleaferrea massiliensis,NA,NA,NA,NA,NA,NA,NA,NA,NA,NA,NA,NA,NA,NA,1e-05,NA,NA,NA,NA,NA,NA,NA,NA,NA,NA,NA,NA,NA,NA,NA,NA,NA,NA,NA
Enterococcus gilvus,NA,NA,NA,NA,NA,NA,NA,NA,NA,NA,NA,NA,2.1e-05,NA,1.5e-05,NA,NA,NA,NA,NA,NA,NA,NA,NA,NA,NA,NA,NA,NA,NA,NA,NA,NA,NA
Lactobacillus jensenii,NA,NA,NA,NA,NA,NA,NA,NA,NA,NA,8e-06,NA,NA,NA,1e-05,NA,NA,NA,NA,NA,NA,NA,NA,NA,NA,NA,NA,NA,NA,NA,NA,NA,NA,NA
Staphylococcus haemolyticus,NA,NA,NA,NA,NA,NA,NA,NA,NA,NA,NA,2.8e-05,NA,NA,1e-05,NA,NA,NA,NA,NA,NA,NA,NA,NA,NA,NA,NA,NA,NA,NA,NA,NA,NA,NA
Geobacillus thermodenitrificans,NA,NA,NA,NA,NA,NA,NA,NA,NA,NA,NA,NA,NA,NA,1.5e-05,NA,NA,NA,NA,NA,NA,NA,NA,NA,NA,NA,NA,NA,NA,NA,NA,NA,NA,NA
Corynebacterium fastidiosum,NA,NA,NA,NA,NA,NA,NA,NA,NA,4.4e-05,1.2e-05,4.2e-05,NA,NA,1e-05,NA,NA,NA,NA,1.3e-05,1.5e-05,NA,NA,NA,NA,NA,NA,NA,NA,NA,NA,NA,NA,NA
Klebsiella pneumoniae,NA,NA,NA,NA,NA,NA,NA,NA,NA,NA,NA,NA,NA,NA,1.5e-05,NA,NA,NA,NA,NA,NA,NA,NA,NA,NA,NA,NA,NA,NA,NA,NA,NA,NA,NA
Citrobacter sedlakii,NA,NA,NA,NA,NA,NA,NA,NA,NA,NA,NA,NA,NA,NA,1.5e-05,NA,NA,NA,NA,NA,NA,NA,NA,NA,NA,NA,NA,NA,NA,NA,NA,NA,NA,NA
Ruminococcus callidus,NA,NA,NA,NA,NA,NA,NA,NA,NA,NA,NA,5.1e-05,NA,NA,3.5e-05,NA,NA,NA,NA,NA,NA,NA,NA,NA,NA,NA,6.6e-05,NA,NA,NA,NA,NA,NA,NA
Escherichia sp. enrichment culture clone 12,NA,1.5e-05,NA,NA,NA,NA,NA,NA,NA,NA,NA,NA,NA,NA,NA,NA,NA,NA,NA,NA,NA,NA,NA,NA,NA,1.4e-05,NA,NA,NA,NA,NA,NA,NA,NA
Clostridium sporogenes,NA,NA,NA,NA,NA,NA,NA,NA,NA,NA,NA,NA,NA,NA,NA,NA,NA,NA,NA,NA,NA,NA,NA,NA,NA,2.1e-05,NA,NA,NA,NA,NA,NA,NA,NA
Dethiobacter alkaliphilus,NA,NA,NA,NA,NA,NA,NA,NA,NA,NA,NA,NA,NA,NA,NA,NA,NA,NA,NA,NA,NA,NA,NA,NA,NA,1.4e-05,NA,NA,NA,NA,NA,NA,NA,NA
Filifactor alocis,NA,NA,NA,NA,NA,NA,NA,NA,NA,NA,NA,NA,NA,NA,NA,NA,NA,NA,NA,1e-05,NA,NA,NA,NA,NA,8.5e-05,NA,NA,NA,NA,NA,NA,NA,NA
Desulfobulbus propionicus,NA,NA,NA,NA,NA,NA,NA,NA,NA,NA,NA,NA,NA,NA,NA,NA,NA,NA,NA,NA,NA,NA,NA,NA,4.1e-05,5e-05,NA,NA,NA,NA,NA,NA,NA,NA
Clostridium sp. M62/1,NA,NA,NA,NA,NA,NA,NA,NA,NA,NA,NA,NA,NA,NA,NA,6e-06,NA,NA,NA,NA,NA,NA,4.3e-05,NA,1.2e-05,0.000318,NA,0.003633,NA,NA,NA,NA,NA,0.000305
Buchnera aphidicola,NA,1.5e-05,NA,NA,NA,NA,1.4e-05,NA,NA,NA,NA,NA,NA,NA,NA,NA,NA,NA,NA,NA,NA,NA,2.9e-05,NA,NA,NA,2.7e-05,NA,NA,NA,NA,NA,NA,NA
Ruminococcus flavefaciens,NA,NA,NA,NA,NA,NA,NA,NA,NA,NA,NA,NA,NA,NA,NA,NA,NA,NA,NA,NA,NA,NA,NA,NA,NA,NA,0.018808,NA,NA,NA,NA,NA,NA,NA
Bacteroides massiliensis,NA,NA,NA,NA,NA,NA,NA,NA,NA,NA,NA,9e-06,NA,NA,NA,NA,NA,NA,NA,7e-06,2.5e-05,NA,NA,NA,NA,NA,0.01914,NA,NA,NA,NA,NA,NA,NA
Corynebacterium striatum,NA,NA,NA,NA,NA,NA,NA,NA,NA,NA,NA,NA,NA,NA,NA,NA,NA,NA,NA,NA,NA,NA,NA,NA,NA,NA,0.001222,NA,NA,NA,NA,NA,NA,NA
Howardella ureilytica,NA,NA,NA,NA,NA,NA,NA,NA,NA,NA,NA,NA,NA,NA,NA,NA,NA,NA,NA,NA,NA,NA,NA,NA,NA,NA,0.000638,NA,NA,NA,NA,NA,NA,NA
Eubacterium cellulosolvens,NA,NA,NA,NA,NA,NA,NA,NA,NA,NA,NA,NA,NA,NA,NA,NA,NA,NA,NA,NA,1e-05,NA,NA,NA,NA,NA,4e-05,NA,1e-05,NA,NA,NA,0.000185,NA
Streptococcus agalactiae,NA,NA,NA,NA,NA,NA,NA,NA,NA,NA,NA,NA,NA,NA,NA,NA,NA,NA,NA,NA,NA,NA,NA,NA,NA,NA,4e-05,NA,NA,NA,NA,NA,NA,NA
intestinal bacterium CG19-1,NA,NA,NA,NA,NA,NA,NA,NA,NA,NA,NA,NA,NA,NA,NA,NA,NA,NA,NA,NA,NA,NA,NA,NA,NA,NA,2.7e-05,NA,NA,NA,NA,NA,NA,NA
Victivallaceae bacterium NML 080035,NA,NA,NA,NA,NA,NA,NA,NA,NA,NA,NA,NA,NA,NA,NA,NA,NA,NA,NA,NA,NA,NA,NA,NA,NA,NA,2.7e-05,NA,NA,NA,NA,NA,NA,NA
iron-reducing bacterium enrichment culture clone FeC_1_A3,NA,NA,1.9e-05,NA,NA,NA,1.4e-05,NA,NA,NA,NA,NA,1.1e-05,NA,NA,NA,NA,NA,NA,NA,NA,NA,NA,NA,9.4e-05,NA,0.000279,NA,NA,NA,NA,NA,NA,NA
Bifidobacterium bifidum,NA,NA,NA,NA,NA,NA,NA,NA,NA,NA,NA,NA,NA,NA,NA,NA,NA,NA,NA,NA,NA,NA,NA,NA,NA,NA,8e-05,NA,NA,NA,NA,NA,NA,NA
Butyrivibrio fibrisolvens,NA,NA,NA,NA,NA,NA,NA,NA,NA,NA,NA,NA,NA,NA,NA,NA,NA,3.3e-05,NA,NA,NA,NA,NA,NA,NA,NA,4e-05,5.8e-05,NA,NA,NA,NA,NA,NA
Turicibacter sanguinis,NA,NA,NA,NA,NA,NA,NA,NA,NA,NA,NA,NA,NA,NA,NA,NA,NA,NA,NA,NA,NA,NA,NA,NA,NA,NA,0.000425,NA,NA,NA,NA,NA,NA,NA
Prevotella disiens,NA,NA,NA,NA,9e-05,NA,NA,NA,1.2e-05,NA,NA,NA,NA,NA,NA,NA,NA,NA,NA,7e-06,NA,NA,NA,NA,NA,NA,4e-05,NA,NA,NA,NA,NA,NA,NA
Ruminococcus sp. RLB3,NA,NA,NA,NA,NA,NA,NA,NA,NA,NA,NA,NA,NA,NA,NA,NA,NA,NA,NA,NA,NA,NA,NA,NA,NA,NA,0.000319,NA,NA,NA,NA,NA,NA,NA
gamma proteobacterium B3,NA,NA,6e-06,NA,NA,NA,NA,0.000164,NA,NA,NA,NA,NA,NA,NA,NA,NA,NA,NA,NA,NA,NA,NA,NA,NA,NA,NA,NA,NA,NA,NA,NA,NA,NA
Cellvibrio japonicus,NA,NA,6e-06,NA,NA,NA,NA,NA,NA,NA,NA,NA,NA,NA,NA,NA,NA,NA,NA,NA,NA,NA,NA,NA,NA,NA,NA,NA,NA,NA,NA,NA,NA,NA
Erysipelotrichaceae bacterium 21_3,NA,NA,1e-05,NA,NA,NA,NA,NA,8e-06,NA,NA,NA,NA,NA,NA,NA,NA,2.2e-05,NA,NA,NA,NA,NA,NA,NA,NA,NA,NA,NA,NA,NA,NA,NA,NA
Lonsdalea quercina,NA,NA,6e-06,NA,NA,0.000222,0.000104,NA,NA,NA,NA,NA,NA,NA,NA,NA,NA,NA,NA,NA,1.5e-05,NA,NA,NA,NA,NA,NA,NA,NA,NA,NA,NA,NA,NA
Yersinia ruckeri,NA,NA,0.002707,NA,NA,0.054402,0.022662,0.0478,NA,NA,8e-06,NA,NA,NA,NA,NA,NA,NA,NA,NA,NA,0.000168,NA,NA,NA,NA,NA,NA,NA,NA,NA,NA,NA,NA
Brevundimonas sp. CmLB14,NA,NA,2.2e-05,NA,NA,NA,NA,0.000371,3.9e-05,NA,NA,NA,NA,NA,NA,NA,NA,NA,NA,NA,NA,NA,NA,7.9e-05,NA,NA,NA,NA,NA,NA,NA,NA,NA,NA
Rahnella aquatilis,NA,NA,6e-06,NA,NA,NA,NA,0.000207,NA,NA,NA,NA,NA,NA,NA,NA,NA,NA,NA,NA,NA,NA,NA,NA,NA,NA,NA,NA,NA,NA,NA,NA,NA,NA
Haemophilus pittmaniae,NA,NA,6e-06,NA,NA,NA,NA,NA,NA,NA,5.3e-05,NA,NA,NA,NA,9e-06,NA,NA,NA,NA,NA,NA,NA,NA,NA,NA,NA,NA,NA,NA,NA,NA,NA,NA
Hafnia alvei,NA,NA,0.004641,NA,NA,0.011325,0.000535,0.000138,NA,NA,NA,NA,NA,NA,NA,NA,NA,NA,NA,NA,NA,NA,NA,NA,NA,NA,NA,NA,NA,NA,NA,NA,NA,NA
Clostridium methylpentosum,NA,NA,1.3e-05,NA,NA,NA,NA,NA,NA,NA,NA,NA,NA,NA,NA,NA,NA,NA,NA,NA,NA,NA,NA,NA,NA,NA,NA,NA,NA,NA,NA,NA,NA,NA
Lactobacillus delbrueckii,NA,2e-05,8e-05,NA,NA,NA,NA,NA,NA,6.2e-05,NA,NA,NA,NA,NA,NA,NA,NA,NA,NA,NA,NA,NA,NA,NA,NA,NA,NA,NA,NA,NA,NA,NA,NA
Butyricimonas virosa,NA,NA,6e-06,NA,NA,NA,NA,NA,NA,NA,2.8e-05,NA,NA,NA,NA,NA,NA,NA,NA,NA,NA,NA,NA,NA,NA,NA,NA,NA,2.5e-05,NA,NA,NA,NA,NA
Pseudomonas sp. CB113,NA,NA,2.9e-05,NA,NA,NA,NA,0.000838,4.3e-05,NA,NA,NA,NA,NA,NA,NA,NA,NA,NA,NA,NA,NA,NA,7.9e-05,NA,NA,NA,NA,NA,NA,NA,NA,NA,NA
Actinomyces sp. oral strain B27SC,NA,NA,6e-06,NA,NA,NA,NA,NA,NA,NA,NA,NA,NA,NA,NA,NA,NA,NA,NA,NA,NA,NA,NA,NA,NA,NA,NA,NA,NA,NA,NA,NA,NA,NA
Actinomyces oris,NA,NA,1.3e-05,NA,NA,NA,NA,NA,NA,NA,NA,NA,NA,NA,NA,NA,NA,1.5e-05,NA,NA,NA,NA,NA,NA,1.2e-05,NA,NA,NA,NA,NA,NA,NA,NA,NA
Clostridiales bacterium 9401234,NA,NA,NA,NA,NA,NA,NA,NA,0.000102,NA,NA,NA,NA,NA,NA,6e-06,NA,1.8e-05,NA,0.000135,NA,NA,NA,NA,NA,NA,NA,NA,NA,NA,NA,NA,NA,NA
bacterium NLAE-zl-P253,NA,NA,NA,NA,NA,NA,NA,NA,NA,NA,NA,NA,NA,NA,NA,2.1e-05,NA,NA,NA,NA,NA,NA,NA,NA,NA,NA,NA,NA,NA,NA,NA,NA,NA,NA
Francisella tularensis,NA,NA,NA,NA,NA,NA,NA,NA,NA,NA,NA,NA,NA,NA,NA,6e-06,NA,NA,0.000153,NA,NA,NA,NA,NA,NA,NA,NA,NA,NA,NA,NA,NA,NA,NA
Streptococcus mutans,NA,NA,NA,NA,NA,NA,NA,NA,NA,NA,NA,NA,NA,NA,NA,6e-06,NA,NA,NA,NA,NA,NA,NA,NA,NA,NA,NA,NA,NA,NA,NA,NA,NA,NA
Clostridium botulinum,NA,1e-05,NA,NA,NA,NA,1.4e-05,NA,NA,NA,2e-05,NA,NA,NA,NA,6e-06,NA,1.5e-05,NA,NA,NA,NA,NA,NA,NA,NA,NA,NA,NA,NA,NA,NA,NA,NA
Anaerofustis stercorihominis,NA,NA,NA,NA,NA,NA,NA,NA,NA,NA,NA,NA,NA,NA,NA,6e-06,NA,NA,NA,NA,NA,NA,NA,NA,NA,NA,NA,NA,NA,NA,NA,NA,NA,NA
Catenibacterium mitsuokai,NA,NA,NA,NA,NA,NA,NA,NA,NA,NA,NA,NA,NA,NA,NA,6e-06,NA,NA,NA,NA,NA,NA,NA,NA,NA,NA,NA,NA,NA,NA,NA,NA,NA,NA
Desulfitobacterium aromaticivorans,NA,NA,NA,NA,NA,NA,NA,NA,NA,NA,NA,NA,NA,NA,NA,6e-06,NA,NA,NA,NA,NA,NA,NA,NA,NA,NA,NA,NA,NA,NA,NA,NA,NA,NA
Lachnospiraceae bacterium 2_1_46FAA,NA,NA,NA,NA,NA,NA,NA,NA,NA,NA,NA,NA,NA,NA,NA,9e-06,NA,NA,NA,NA,NA,NA,NA,NA,NA,NA,NA,NA,NA,NA,NA,NA,NA,NA
Campylobacter hominis,NA,NA,NA,NA,NA,NA,NA,NA,NA,NA,NA,NA,NA,NA,NA,6e-06,NA,NA,NA,NA,NA,NA,NA,NA,NA,NA,NA,NA,NA,NA,NA,NA,NA,NA
Bacteroides dorei,NA,NA,NA,NA,NA,NA,NA,NA,NA,NA,NA,NA,NA,NA,NA,6e-06,NA,NA,NA,NA,NA,NA,NA,NA,NA,NA,NA,NA,NA,NA,NA,NA,NA,NA
bacterium NLAE-zl-H60,NA,NA,NA,NA,NA,NA,NA,2.6e-05,1.6e-05,NA,NA,NA,NA,NA,NA,2.1e-05,NA,NA,NA,NA,NA,NA,NA,NA,NA,NA,NA,NA,NA,NA,NA,NA,NA,NA
Lachnospiraceae bacterium 2_1_58FAA,NA,NA,NA,NA,NA,NA,NA,NA,8e-06,NA,NA,NA,NA,NA,NA,6e-06,NA,NA,NA,7e-06,NA,NA,NA,NA,NA,NA,NA,NA,NA,NA,NA,NA,NA,NA
Veillonella rodentium,NA,NA,NA,NA,NA,NA,NA,NA,NA,NA,NA,NA,NA,NA,NA,7.2e-05,NA,NA,NA,NA,NA,NA,NA,NA,NA,NA,NA,NA,NA,NA,NA,NA,NA,NA
Fusobacterium periodonticum,NA,NA,NA,NA,NA,NA,1.4e-05,NA,6.7e-05,NA,NA,NA,NA,NA,NA,1.8e-05,NA,NA,NA,8.6e-05,NA,NA,NA,NA,NA,NA,NA,NA,1e-05,NA,NA,NA,NA,NA
bacterium 38,NA,NA,NA,NA,NA,NA,NA,NA,NA,NA,NA,NA,0.005063,NA,NA,1.5e-05,NA,NA,NA,NA,NA,NA,NA,NA,NA,NA,NA,NA,NA,NA,NA,NA,NA,NA
Prevotella melaninogenica,NA,NA,NA,NA,NA,NA,NA,NA,NA,NA,NA,NA,NA,NA,NA,6e-06,NA,NA,NA,NA,NA,NA,NA,NA,NA,NA,NA,NA,NA,NA,NA,NA,NA,NA
Roseburia hominis,NA,NA,NA,NA,NA,NA,NA,NA,NA,NA,NA,NA,NA,NA,NA,NA,NA,NA,NA,NA,NA,NA,NA,NA,NA,NA,NA,NA,1e-05,NA,NA,NA,NA,NA
Syntrophobacter fumaroxidans,NA,1e-05,NA,NA,NA,NA,NA,NA,NA,NA,8e-06,NA,NA,NA,NA,NA,NA,NA,NA,NA,NA,NA,NA,NA,NA,NA,NA,NA,3.4e-05,NA,NA,NA,NA,NA
Desulfosporosinus meridiei,NA,NA,NA,NA,NA,0.000111,4.2e-05,NA,NA,NA,NA,NA,1.1e-05,NA,NA,NA,NA,NA,NA,2.6e-05,NA,NA,NA,NA,NA,NA,NA,NA,7.4e-05,NA,NA,NA,NA,NA
Brasilonema octagenarum,NA,NA,NA,NA,NA,NA,NA,NA,NA,NA,NA,NA,NA,NA,NA,NA,NA,NA,NA,NA,NA,NA,NA,NA,NA,NA,NA,NA,1.5e-05,NA,NA,NA,NA,NA
Veillonella parvula,NA,1.5e-05,NA,NA,NA,NA,NA,NA,NA,NA,NA,NA,NA,NA,NA,NA,NA,NA,NA,NA,NA,NA,NA,NA,NA,NA,NA,NA,1e-05,NA,NA,NA,NA,NA
bacterium NLAE-zl-P211,NA,NA,NA,NA,NA,NA,NA,NA,NA,NA,NA,NA,NA,NA,NA,NA,NA,NA,NA,NA,NA,NA,NA,NA,NA,NA,NA,NA,1e-05,NA,NA,NA,NA,NA
Lachnoanaerobaculum saburreum,NA,NA,NA,NA,NA,NA,NA,NA,NA,NA,NA,NA,NA,NA,NA,NA,NA,NA,NA,NA,NA,NA,NA,NA,NA,NA,NA,NA,1e-05,NA,NA,NA,NA,NA
Streptococcus porcinus,NA,NA,NA,NA,NA,NA,NA,NA,NA,NA,NA,NA,NA,NA,NA,NA,NA,NA,NA,NA,NA,NA,NA,NA,NA,NA,NA,NA,1e-05,NA,NA,NA,NA,NA
Oribacterium sinus,NA,NA,NA,NA,NA,NA,NA,NA,NA,NA,NA,9e-06,NA,NA,NA,NA,NA,7e-06,NA,NA,NA,NA,NA,NA,NA,NA,NA,NA,1.5e-05,NA,NA,NA,NA,NA
Neisseria flavescens,NA,NA,NA,NA,NA,NA,NA,NA,NA,NA,NA,9e-06,1.1e-05,NA,NA,NA,NA,NA,NA,3.6e-05,NA,NA,NA,NA,NA,NA,NA,NA,3e-05,NA,NA,NA,NA,NA
Blautia luti,NA,NA,NA,NA,NA,0.000111,1.4e-05,NA,NA,NA,1.2e-05,NA,1.6e-05,NA,NA,NA,NA,NA,NA,NA,NA,NA,NA,NA,NA,NA,NA,0.000104,NA,NA,NA,NA,NA,NA
Odoribacter laneus,NA,NA,NA,NA,NA,NA,1.4e-05,NA,NA,NA,NA,NA,NA,NA,NA,NA,NA,NA,NA,2e-05,NA,NA,NA,NA,NA,NA,NA,2.3e-05,NA,NA,NA,NA,NA,NA
Streptococcus sp. S16-08,NA,NA,NA,NA,NA,NA,NA,NA,NA,NA,NA,NA,NA,NA,NA,NA,NA,7e-06,NA,1e-05,NA,NA,2.9e-05,NA,1.2e-05,NA,NA,NA,NA,NA,NA,NA,6.2e-05,NA
Arthrobacter crystallopoietes,NA,NA,NA,NA,NA,NA,NA,NA,NA,NA,NA,NA,NA,NA,NA,NA,NA,1.1e-05,NA,NA,NA,NA,NA,NA,NA,NA,NA,NA,NA,NA,NA,NA,NA,NA
Leuconostoc mesenteroides,NA,NA,NA,NA,NA,NA,NA,NA,8e-06,NA,NA,NA,NA,NA,NA,NA,NA,2.6e-05,NA,NA,NA,NA,NA,NA,NA,NA,NA,NA,NA,NA,NA,NA,NA,NA
Lactococcus raffinolactis,NA,NA,NA,NA,NA,NA,NA,NA,NA,NA,NA,NA,NA,NA,NA,NA,NA,7e-06,NA,NA,NA,NA,NA,NA,NA,NA,NA,NA,NA,NA,NA,NA,NA,NA
Clostridium sp. enrichment culture clone 06-1235251-43,NA,NA,NA,NA,NA,NA,NA,NA,NA,NA,NA,NA,NA,NA,NA,NA,NA,1.1e-05,NA,NA,NA,NA,NA,NA,NA,NA,NA,NA,NA,NA,NA,NA,NA,NA
Streptococcus sanguinis,NA,3.5e-05,NA,NA,NA,NA,NA,NA,NA,NA,NA,NA,NA,NA,NA,NA,NA,1.8e-05,NA,1.6e-05,NA,NA,NA,NA,NA,NA,NA,NA,NA,NA,NA,NA,NA,NA
Blautia schinkii,NA,NA,NA,NA,NA,NA,NA,NA,NA,NA,NA,NA,NA,NA,NA,NA,NA,6.6e-05,NA,NA,NA,NA,NA,NA,NA,NA,NA,NA,NA,NA,NA,NA,NA,NA
Porphyromonas sp. oral clone BS045,NA,NA,NA,NA,NA,NA,NA,NA,NA,NA,NA,NA,NA,NA,NA,NA,NA,7e-06,NA,1.3e-05,NA,NA,NA,NA,NA,NA,NA,NA,NA,NA,NA,NA,NA,NA
Leuconostoc citreum,NA,NA,NA,NA,NA,NA,NA,NA,NA,NA,NA,NA,NA,NA,NA,NA,NA,2.6e-05,NA,NA,NA,NA,NA,NA,NA,NA,NA,NA,NA,NA,NA,NA,NA,NA
Bacillus clausii,NA,NA,NA,NA,2.3e-05,NA,1.4e-05,NA,NA,NA,8e-06,NA,NA,NA,NA,NA,NA,1.1e-05,NA,NA,NA,NA,NA,NA,NA,NA,NA,NA,NA,NA,NA,NA,NA,NA
Serratia sp. PMS1,NA,NA,NA,NA,NA,NA,NA,NA,NA,NA,NA,NA,NA,NA,NA,NA,NA,1.1e-05,NA,NA,NA,NA,NA,NA,NA,NA,NA,NA,NA,NA,NA,NA,NA,NA
Weissella confusa,NA,NA,NA,NA,NA,NA,NA,NA,4.7e-05,NA,NA,NA,NA,NA,NA,NA,NA,1.5e-05,NA,NA,NA,NA,NA,NA,NA,NA,NA,NA,NA,NA,NA,NA,NA,NA
[Eubacterium] sulci,NA,NA,NA,NA,NA,NA,NA,NA,NA,NA,NA,NA,NA,NA,NA,NA,NA,7e-06,NA,NA,NA,NA,NA,NA,NA,NA,NA,NA,NA,NA,NA,NA,NA,NA
Serratia sp. 2P03AnC,NA,NA,NA,NA,NA,NA,NA,NA,NA,NA,NA,NA,NA,NA,NA,NA,NA,0.000135,NA,NA,NA,NA,NA,NA,NA,NA,NA,NA,NA,NA,NA,NA,NA,NA
bacterium NLAE-zl-C490,NA,NA,NA,NA,NA,NA,NA,NA,NA,NA,NA,NA,NA,NA,NA,NA,NA,7e-06,NA,NA,NA,NA,NA,NA,NA,NA,NA,NA,NA,NA,NA,NA,NA,NA
Clostridium perfringens,NA,NA,NA,NA,NA,NA,NA,NA,NA,NA,NA,NA,NA,NA,NA,NA,NA,NA,NA,NA,NA,NA,NA,NA,NA,NA,NA,NA,NA,NA,NA,NA,NA,4.4e-05
Lysinibacillus sphaericus,NA,NA,NA,NA,NA,NA,NA,NA,NA,NA,NA,NA,NA,NA,NA,NA,NA,NA,NA,NA,NA,NA,NA,NA,NA,NA,NA,NA,NA,NA,NA,NA,NA,6.5e-05
Staphylococcus aureus,NA,NA,NA,NA,2.3e-05,NA,NA,NA,NA,NA,NA,NA,NA,NA,NA,NA,NA,NA,NA,NA,NA,NA,NA,NA,NA,NA,NA,NA,NA,NA,NA,NA,NA,NA
Lactobacillus hilgardii,NA,NA,NA,NA,2.3e-05,NA,NA,NA,NA,NA,NA,NA,NA,NA,NA,NA,NA,NA,NA,NA,NA,NA,NA,NA,NA,NA,NA,NA,NA,NA,NA,NA,NA,NA
Enterobacteriaceae bacterium ZZ0605-1,NA,NA,NA,NA,2.3e-05,NA,NA,NA,NA,NA,NA,NA,NA,NA,NA,NA,NA,NA,NA,NA,NA,NA,NA,NA,NA,NA,NA,NA,NA,NA,NA,NA,NA,NA
Enterobacter sp. M.D.E.NA1-10,NA,NA,NA,NA,2.3e-05,NA,NA,NA,NA,NA,NA,NA,NA,NA,NA,NA,NA,NA,NA,NA,NA,NA,NA,NA,NA,NA,NA,NA,NA,NA,NA,NA,NA,NA
Aggregatibacter segnis,NA,NA,NA,NA,2.3e-05,NA,0.000153,8.6e-05,2.3e-05,NA,NA,NA,NA,NA,NA,NA,NA,NA,NA,NA,NA,NA,NA,NA,NA,NA,NA,NA,NA,NA,NA,NA,NA,NA
Streptococcus didelphis,NA,1e-05,NA,NA,4.5e-05,NA,NA,NA,NA,NA,NA,NA,NA,NA,NA,NA,NA,NA,NA,NA,NA,NA,NA,NA,NA,NA,NA,NA,NA,NA,NA,NA,NA,NA
Veillonella sp. oral clone VeillF2,NA,1.5e-05,NA,NA,NA,NA,NA,NA,NA,NA,NA,NA,NA,NA,NA,NA,NA,NA,NA,NA,NA,NA,NA,NA,NA,NA,NA,NA,NA,NA,NA,NA,4.1e-05,NA
Veillonella sp. oral clone X042,NA,NA,NA,NA,NA,NA,NA,NA,NA,NA,NA,NA,NA,NA,NA,NA,NA,NA,NA,NA,NA,NA,NA,NA,NA,NA,NA,NA,NA,NA,NA,NA,4.1e-05,NA
Bacteroides plebeius,NA,NA,NA,NA,NA,NA,NA,NA,NA,NA,NA,NA,1.6e-05,NA,NA,NA,NA,NA,7.7e-05,3.3e-05,NA,NA,NA,NA,NA,NA,NA,NA,NA,NA,NA,NA,NA,NA
Ewingella americana,NA,NA,NA,NA,NA,0.017819,0.000111,NA,NA,NA,NA,NA,NA,NA,NA,NA,NA,NA,NA,NA,NA,NA,NA,NA,NA,NA,NA,NA,NA,NA,NA,NA,NA,NA
Elizabethkingia meningoseptica,NA,NA,NA,NA,NA,NA,NA,4.3e-05,NA,NA,NA,NA,NA,NA,NA,NA,NA,NA,NA,NA,NA,NA,NA,NA,NA,NA,NA,NA,NA,NA,NA,NA,NA,NA
rainbow trout intestinal bacterium A110,NA,NA,NA,NA,NA,NA,NA,3.5e-05,NA,NA,NA,NA,NA,NA,NA,NA,NA,NA,NA,NA,NA,NA,NA,NA,NA,NA,NA,NA,NA,NA,NA,NA,NA,NA
Achromobacter piechaudii,NA,NA,NA,NA,NA,NA,NA,1.7e-05,NA,NA,NA,NA,NA,NA,NA,NA,NA,NA,NA,NA,NA,NA,NA,NA,NA,NA,NA,NA,NA,NA,NA,NA,NA,NA
bacterium S119,NA,NA,NA,NA,NA,NA,NA,9.5e-05,NA,NA,NA,NA,NA,NA,NA,NA,NA,NA,NA,NA,NA,NA,NA,NA,NA,NA,NA,NA,NA,NA,NA,NA,NA,NA
Campylobacter gracilis,NA,NA,NA,NA,NA,NA,NA,1.7e-05,NA,NA,NA,NA,NA,NA,NA,NA,NA,NA,NA,NA,NA,NA,NA,NA,NA,NA,NA,NA,NA,NA,NA,NA,NA,NA
Thermus scotoductus,NA,NA,NA,NA,NA,NA,NA,8.6e-05,NA,NA,NA,NA,NA,NA,NA,NA,NA,NA,NA,NA,NA,NA,NA,NA,NA,NA,NA,NA,NA,NA,NA,NA,NA,NA
Herbaspirillum lusitanum,NA,NA,NA,NA,NA,NA,NA,3.5e-05,NA,NA,NA,NA,NA,NA,NA,NA,NA,NA,NA,NA,NA,NA,NA,NA,NA,NA,NA,NA,NA,NA,NA,NA,NA,NA
Peptoniphilus lacrimalis,0.00012,NA,NA,NA,NA,NA,NA,NA,NA,NA,NA,NA,NA,NA,NA,NA,NA,NA,NA,0.000119,NA,NA,NA,NA,NA,NA,NA,NA,NA,NA,NA,NA,NA,NA
Enterobacteriaceae bacterium b6_i18,0.00024,NA,NA,NA,NA,NA,NA,NA,NA,NA,NA,NA,NA,NA,NA,NA,NA,NA,NA,6.3e-05,NA,NA,4.3e-05,7.9e-05,NA,NA,NA,NA,NA,NA,NA,NA,NA,NA
Lactobacillus sp. MNFS-3,NA,NA,NA,NA,NA,NA,2.1e-05,NA,NA,NA,NA,NA,NA,NA,NA,NA,NA,NA,NA,NA,NA,NA,NA,NA,NA,NA,NA,NA,NA,NA,NA,NA,NA,NA
Peptostreptococcus sp. canine oral taxon 227,NA,NA,NA,NA,NA,NA,1.4e-05,NA,NA,NA,NA,NA,NA,NA,NA,NA,NA,NA,NA,NA,NA,NA,NA,NA,NA,NA,NA,NA,NA,NA,NA,NA,NA,NA
Dialister micraerophilus,NA,NA,NA,NA,NA,NA,2.1e-05,NA,NA,NA,NA,NA,NA,NA,NA,NA,NA,NA,NA,NA,NA,NA,NA,NA,NA,NA,NA,NA,NA,NA,NA,NA,NA,NA
Parvimonas sp. oral taxon 393,NA,NA,NA,NA,NA,NA,6.9e-05,NA,NA,NA,NA,NA,NA,NA,NA,NA,NA,NA,NA,NA,NA,NA,NA,NA,NA,NA,NA,NA,NA,NA,NA,NA,NA,NA
Yersinia enterocolitica,NA,NA,NA,NA,NA,NA,1.4e-05,NA,NA,NA,NA,NA,NA,NA,NA,NA,NA,NA,NA,NA,NA,NA,NA,NA,NA,NA,NA,NA,NA,NA,NA,NA,NA,NA
Desulfobacca acetoxidans,NA,NA,NA,NA,NA,NA,2.1e-05,NA,NA,NA,NA,NA,NA,NA,NA,NA,NA,NA,NA,NA,NA,NA,NA,NA,NA,NA,NA,NA,NA,NA,NA,NA,NA,NA
Haemophilus influenzae,NA,1.5e-05,NA,NA,NA,NA,1.4e-05,NA,NA,NA,NA,NA,NA,NA,NA,NA,NA,NA,NA,7e-06,NA,NA,NA,NA,NA,NA,NA,NA,NA,NA,NA,NA,NA,NA
Actinomyces turicensis,NA,NA,NA,NA,NA,NA,NA,NA,2.3e-05,NA,NA,NA,NA,NA,NA,NA,NA,NA,NA,0.000128,NA,NA,NA,NA,NA,NA,NA,NA,NA,NA,NA,NA,NA,NA
Anaerococcus hydrogenalis,NA,NA,NA,NA,NA,NA,NA,NA,NA,NA,NA,NA,NA,NA,NA,NA,NA,NA,NA,1e-05,NA,NA,NA,NA,NA,NA,NA,NA,NA,NA,NA,NA,NA,NA
Anaerococcus sp. 8405254,NA,NA,NA,NA,NA,NA,NA,NA,NA,NA,NA,NA,NA,NA,NA,NA,NA,NA,NA,1e-05,NA,NA,NA,NA,NA,NA,NA,NA,NA,NA,NA,NA,NA,NA
Clostridiales bacterium 9400853,NA,NA,NA,NA,NA,NA,NA,NA,NA,NA,NA,NA,NA,NA,NA,NA,NA,NA,NA,1.6e-05,NA,NA,NA,NA,NA,NA,NA,NA,NA,NA,NA,NA,NA,NA
Anaerococcus sp. PH9,NA,NA,NA,NA,NA,NA,NA,NA,8e-06,NA,NA,NA,NA,NA,NA,NA,NA,NA,NA,3e-05,NA,NA,NA,NA,NA,NA,NA,NA,NA,NA,NA,NA,NA,NA
Atopobium minutum,NA,NA,NA,NA,NA,NA,NA,NA,NA,NA,NA,NA,NA,NA,NA,NA,NA,NA,NA,1.6e-05,NA,NA,NA,NA,NA,NA,NA,NA,NA,NA,NA,NA,NA,NA
Eubacterium sp. oral clone BU061,NA,NA,NA,NA,NA,NA,NA,NA,NA,NA,NA,NA,NA,NA,NA,NA,NA,NA,NA,7e-06,NA,NA,NA,NA,NA,NA,NA,NA,NA,NA,NA,NA,NA,NA
Peptoniphilus coxii,NA,NA,NA,NA,NA,NA,NA,NA,3.5e-05,NA,NA,NA,NA,NA,NA,NA,NA,NA,NA,0.000115,NA,NA,NA,NA,NA,NA,NA,NA,NA,NA,NA,NA,NA,NA
Abiotrophia sp. oral clone P4PA_155 P1,NA,NA,NA,NA,NA,NA,NA,NA,NA,NA,NA,NA,NA,NA,NA,NA,NA,NA,NA,7e-06,NA,NA,NA,NA,NA,NA,NA,NA,NA,NA,NA,NA,NA,NA
Peptococcus niger,NA,NA,NA,NA,NA,NA,NA,NA,8e-06,NA,NA,NA,NA,NA,NA,NA,NA,NA,NA,2e-05,NA,NA,NA,NA,NA,NA,NA,NA,NA,NA,NA,NA,NA,NA
Slackia exigua,NA,NA,NA,NA,NA,NA,NA,NA,NA,NA,NA,NA,NA,NA,NA,NA,NA,NA,NA,7e-06,NA,NA,NA,NA,NA,NA,NA,NA,NA,NA,NA,NA,NA,NA
Veillonella sp. oral taxon 780,NA,NA,NA,NA,NA,NA,NA,NA,NA,NA,NA,1.4e-05,NA,NA,NA,NA,NA,NA,NA,7e-06,NA,NA,NA,NA,NA,NA,NA,NA,NA,NA,NA,NA,NA,NA
Peptoniphilus sp. gpac018A,NA,NA,NA,NA,NA,NA,NA,NA,NA,NA,NA,NA,NA,NA,NA,NA,NA,NA,NA,3e-05,NA,NA,NA,NA,NA,NA,NA,NA,NA,NA,NA,NA,NA,NA
Campylobacter ureolyticus,NA,NA,NA,NA,NA,NA,NA,NA,NA,NA,NA,NA,NA,NA,NA,NA,NA,NA,NA,7e-06,NA,NA,NA,NA,NA,NA,NA,NA,NA,NA,NA,NA,NA,NA
Anaerococcus murdochii,NA,NA,NA,NA,NA,NA,NA,NA,NA,NA,NA,NA,NA,NA,NA,NA,NA,NA,NA,1.3e-05,NA,NA,NA,NA,NA,NA,NA,NA,NA,NA,NA,NA,NA,NA
Peptoniphilus gorbachii,NA,NA,NA,NA,NA,NA,NA,NA,NA,NA,NA,NA,NA,NA,NA,NA,NA,NA,NA,7e-06,NA,NA,NA,NA,NA,NA,NA,NA,NA,NA,NA,NA,NA,NA
Granulicatella elegans,NA,NA,NA,NA,NA,NA,NA,NA,NA,NA,NA,NA,NA,NA,NA,NA,NA,NA,NA,1e-05,NA,NA,NA,NA,NA,NA,NA,NA,NA,NA,NA,NA,NA,NA
Porphyromonas asaccharolytica,NA,NA,NA,NA,NA,NA,NA,NA,NA,NA,NA,NA,NA,NA,NA,NA,NA,NA,NA,0.000122,NA,NA,NA,NA,NA,NA,NA,NA,NA,NA,NA,NA,NA,NA
Peptoniphilus sp. BV3AC2,NA,NA,NA,NA,NA,NA,NA,NA,8e-06,NA,NA,NA,NA,NA,NA,NA,NA,NA,NA,8.2e-05,NA,NA,NA,NA,NA,NA,NA,NA,NA,NA,NA,NA,NA,NA
Oscillibacter valericigenes,NA,NA,NA,NA,NA,NA,NA,NA,NA,NA,8e-06,NA,NA,NA,NA,NA,NA,NA,NA,NA,2e-05,NA,NA,NA,NA,NA,NA,NA,NA,NA,NA,NA,NA,NA
Lactobacillus mucosae,NA,NA,NA,NA,NA,NA,NA,NA,NA,NA,NA,NA,NA,NA,NA,NA,NA,NA,NA,NA,3.5e-05,NA,NA,NA,NA,NA,NA,NA,NA,NA,NA,NA,NA,NA
Listeria monocytogenes,NA,NA,NA,NA,NA,NA,NA,NA,NA,NA,NA,NA,NA,NA,NA,NA,NA,NA,NA,NA,1.5e-05,NA,NA,NA,NA,NA,NA,NA,NA,NA,NA,NA,NA,NA
unidentified bacterium ZF5,NA,NA,NA,NA,NA,NA,NA,NA,NA,NA,NA,NA,NA,NA,NA,NA,NA,NA,NA,NA,1.5e-05,NA,NA,NA,NA,NA,NA,NA,NA,NA,NA,NA,NA,NA
bacterium NLAE-zl-P249,NA,NA,NA,NA,NA,NA,NA,NA,1.6e-05,NA,NA,NA,NA,NA,NA,NA,NA,NA,NA,NA,NA,NA,NA,NA,NA,NA,NA,NA,NA,NA,NA,NA,NA,NA
Sphingobacterium spiritivorum,NA,NA,NA,NA,NA,NA,NA,NA,8e-06,NA,NA,NA,NA,NA,NA,NA,NA,NA,NA,NA,NA,NA,NA,NA,NA,NA,NA,NA,NA,NA,NA,NA,NA,NA
[Clostridium] saccharogumia,NA,NA,NA,NA,NA,NA,NA,NA,8e-06,NA,NA,NA,NA,NA,NA,NA,NA,NA,NA,NA,NA,NA,NA,NA,NA,NA,NA,NA,NA,NA,NA,NA,NA,NA
Paenibacillus larvae,NA,NA,NA,NA,NA,NA,NA,NA,1.2e-05,NA,NA,NA,NA,NA,NA,NA,NA,NA,NA,NA,NA,NA,NA,NA,NA,NA,NA,NA,NA,NA,NA,NA,NA,NA
Pseudomonas chlororaphis,NA,NA,NA,NA,NA,NA,NA,NA,7e-05,NA,NA,6.5e-05,NA,NA,NA,NA,NA,NA,NA,NA,NA,NA,NA,NA,NA,NA,NA,NA,NA,NA,NA,NA,NA,NA
Bacteroides coprophilus,NA,NA,NA,NA,NA,NA,NA,NA,NA,1.8e-05,NA,NA,NA,NA,NA,NA,NA,NA,NA,NA,NA,NA,NA,NA,NA,NA,NA,NA,NA,NA,NA,NA,NA,NA
Butyrivibrio crossotus,NA,NA,NA,NA,NA,NA,NA,NA,NA,1.8e-05,3.7e-05,NA,NA,NA,NA,NA,NA,NA,NA,NA,NA,NA,NA,NA,NA,NA,NA,NA,NA,NA,NA,NA,NA,NA
Ruminococcus champanellensis,NA,NA,NA,NA,NA,NA,NA,NA,NA,1.8e-05,NA,NA,NA,NA,NA,NA,NA,NA,NA,NA,NA,NA,NA,NA,NA,NA,NA,NA,NA,NA,NA,NA,NA,NA
Corynebacterium pseudodiphtheriticum,NA,NA,NA,NA,NA,NA,NA,NA,NA,3.5e-05,3.7e-05,NA,NA,NA,NA,NA,NA,NA,NA,NA,NA,NA,NA,NA,NA,NA,NA,NA,NA,NA,NA,NA,NA,NA
Blautia sp. YHC-4,NA,NA,NA,NA,NA,NA,NA,NA,NA,NA,8e-06,NA,NA,NA,NA,NA,NA,NA,NA,NA,NA,NA,NA,NA,NA,NA,NA,NA,NA,NA,NA,NA,NA,NA
Pediococcus claussenii,NA,NA,NA,NA,NA,NA,NA,NA,NA,NA,3.7e-05,NA,NA,NA,NA,NA,NA,NA,NA,NA,NA,NA,NA,NA,NA,NA,NA,NA,NA,NA,NA,NA,NA,NA
Pediococcus acidilactici,NA,NA,NA,NA,NA,NA,NA,NA,NA,NA,3.7e-05,NA,NA,NA,NA,NA,NA,NA,NA,NA,NA,NA,NA,NA,NA,NA,NA,NA,NA,NA,NA,NA,NA,NA
Lactobacillus helveticus,NA,NA,NA,NA,NA,NA,NA,NA,NA,NA,8e-06,NA,NA,NA,NA,NA,NA,NA,NA,NA,NA,NA,NA,NA,NA,NA,NA,NA,NA,NA,NA,NA,NA,NA
Gemella palaticanis,NA,NA,NA,NA,NA,NA,NA,NA,NA,NA,2e-05,NA,NA,NA,NA,NA,NA,NA,NA,NA,NA,NA,NA,NA,NA,NA,NA,NA,NA,NA,NA,NA,NA,NA
Rhodopseudomonas sp. P530(4),NA,NA,NA,NA,NA,NA,NA,NA,NA,NA,3.7e-05,NA,NA,NA,NA,NA,NA,NA,NA,NA,NA,NA,NA,NA,NA,NA,NA,NA,NA,NA,NA,NA,NA,NA
Actinomyces lingnae,NA,1.5e-05,NA,NA,NA,NA,NA,NA,NA,NA,8e-06,NA,NA,NA,NA,NA,NA,NA,NA,NA,NA,NA,NA,NA,NA,NA,NA,NA,NA,NA,NA,NA,NA,NA
Prevotella bivia,NA,NA,NA,NA,NA,NA,NA,NA,NA,NA,NA,NA,NA,NA,NA,NA,NA,NA,NA,NA,NA,0.000168,NA,NA,NA,NA,NA,NA,NA,NA,NA,NA,NA,NA
Clostridiales bacterium 1_7_47FAA,NA,NA,NA,NA,NA,NA,NA,NA,NA,NA,NA,NA,NA,NA,NA,NA,NA,NA,NA,NA,NA,NA,2.9e-05,NA,NA,NA,NA,NA,NA,NA,NA,NA,NA,NA
Rothia mucilaginosa,NA,NA,NA,NA,NA,NA,NA,NA,NA,NA,NA,NA,NA,NA,NA,NA,NA,NA,NA,NA,NA,NA,2.9e-05,NA,NA,NA,NA,NA,NA,NA,NA,NA,NA,NA
Enterobacter sp. 2129,NA,NA,NA,NA,NA,NA,NA,NA,NA,NA,NA,NA,NA,NA,NA,NA,NA,NA,NA,NA,NA,NA,NA,6e-05,NA,NA,NA,NA,NA,NA,NA,NA,NA,NA
Oxalobacter formigenes,NA,NA,NA,NA,NA,NA,NA,NA,NA,NA,NA,NA,NA,NA,NA,NA,NA,NA,NA,NA,NA,NA,NA,6e-05,NA,NA,NA,NA,NA,NA,NA,NA,NA,NA
Hippea alviniae,NA,1e-05,NA,NA,NA,NA,NA,NA,NA,NA,NA,NA,NA,NA,NA,NA,NA,NA,NA,NA,NA,NA,NA,NA,NA,NA,NA,NA,NA,NA,NA,NA,NA,NA
Dialister invisus,NA,3.5e-05,NA,NA,NA,NA,NA,NA,NA,NA,NA,NA,NA,NA,NA,NA,NA,NA,NA,NA,NA,NA,NA,NA,NA,NA,NA,NA,NA,NA,NA,NA,NA,NA
bacterium mpn-isolate group 25,NA,1e-05,NA,NA,NA,NA,NA,NA,NA,NA,NA,NA,NA,NA,NA,NA,NA,NA,NA,NA,NA,NA,NA,NA,NA,NA,NA,NA,NA,NA,NA,NA,NA,NA
Serratia ureilytica,NA,NA,NA,NA,NA,NA,NA,NA,NA,NA,NA,NA,2.1e-05,NA,NA,NA,NA,NA,NA,NA,NA,NA,NA,NA,NA,NA,NA,NA,NA,NA,NA,NA,NA,NA
Bacillus halodurans,NA,NA,NA,NA,NA,NA,NA,NA,NA,NA,NA,NA,1.1e-05,NA,NA,NA,NA,NA,NA,NA,NA,NA,NA,NA,NA,NA,NA,NA,NA,NA,NA,NA,NA,NA
Bacillus licheniformis,NA,NA,NA,NA,NA,NA,NA,NA,NA,NA,NA,NA,1.1e-05,NA,NA,NA,NA,NA,NA,NA,NA,NA,NA,NA,NA,NA,NA,NA,NA,NA,NA,NA,NA,NA
Neisseria elongata,NA,NA,NA,NA,NA,NA,NA,NA,NA,NA,NA,NA,2.1e-05,NA,NA,NA,NA,NA,NA,NA,NA,NA,NA,NA,NA,NA,NA,NA,NA,NA,NA,NA,NA,NA
Leptotrichia sp. oral clone GT020,NA,NA,NA,NA,NA,NA,NA,NA,NA,NA,NA,NA,1.1e-05,NA,NA,NA,NA,NA,NA,NA,NA,NA,NA,NA,NA,NA,NA,NA,NA,NA,NA,NA,NA,NA
bacterium NLAE-zl-G408,NA,NA,NA,NA,NA,NA,NA,NA,NA,NA,NA,NA,1.1e-05,NA,NA,NA,NA,NA,NA,NA,NA,NA,NA,NA,NA,NA,NA,NA,NA,NA,NA,NA,NA,NA
Oceanospirillum beijerinckii,NA,NA,NA,NA,NA,NA,NA,NA,NA,NA,NA,NA,1.1e-05,NA,NA,NA,NA,NA,NA,NA,NA,NA,NA,NA,NA,NA,NA,NA,NA,NA,NA,NA,NA,NA
Shigella dysenteriae,NA,NA,NA,NA,NA,NA,NA,NA,NA,NA,NA,9e-06,NA,NA,NA,NA,NA,NA,NA,NA,NA,NA,NA,NA,1.2e-05,NA,NA,NA,NA,NA,NA,NA,NA,NA
Thioflavicoccus mobilis,NA,NA,NA,NA,NA,NA,NA,NA,NA,NA,NA,NA,NA,NA,NA,NA,NA,NA,NA,NA,NA,NA,NA,NA,1.8e-05,NA,NA,NA,NA,NA,NA,NA,NA,NA
