Hydrogenoanaerobacterium,Granulicatella,Coprococcus,Phascolarctobacterium,Victivallis,Dorea,Desulfosporosinus,Ruminococcus,Peptostreptococcus,Sarcina,Marvinbryantia,Subdoligranulum,Akkermansia,Veillonella,Campylobacter,Tetragenococcus,Dialister,Pantoea,Pseudomonas,Enterorhabdus,Christensenella,Collinsella,Candidatus Arthromitus,Bacillus,Gemella,Parabacteroides,Faecalibacterium,Anaerotruncus,Streptococcus,Alistipes,Anaerostipes,Anaerosporobacter,Halanaerobium,Clostridium,Butyricimonas,Coprobacillus,Holdemania,Alkalispirillum,Macellibacteroides,Propionispora,Enterobacter,Peptococcus,Finegoldia,Escherichia,Marichromatium,Klebsiella,Oscillibacter,Halorhodospira,Lactobacillus,Serratia,Shigella,Bilophila,Pseudobutyrivibrio,Blautia,Kluyvera,Morganella,Providencia,Salmonella,Wautersiella,Eubacterium,Sutterella,Peptoniphilus,Adlercreutzia,Corynebacterium,Parvimonas,Parasutterella,Tatumella,Bacteroides,Butyrivibrio,Flavonifractor,Barnesiella,Desulfovibrio,Prevotella,Roseburia,Anoxynatronum,Lachnospira,Oceanicola,Thalassospira,Pectobacterium,Acetitomaculum,Odoribacter,Mannheimia,Globicatella,Caulobacter,Marinomonas,Gordonibacter,Leuconostoc,Staphylococcus,Thermincola,Paludibacter,Peptoclostridium,Sporobacter,Aquisalimonas,Aggregatibacter,Sporomusa,Acetobacterium,Neisseria,Moryella,Actinomyces,Gardnerella,Eikenella,Oribacterium,Erysipelatoclostridium,Pseudoflavonifractor,Dielma,Eggerthella,Varibaculum,Gluconacetobacter,Pasteurella,Oscillospira,Actinobacillus,Bifidobacterium,Rothia,Oxalicibacterium,Haemophilus,Anaerofilum,Paenibacillus,Pectinatus,Fusobacterium,Nocardia,Tannerella,Megasphaera,Ahrensia,Herbaspirillum,Reichenbachiella,Papillibacter,Johnsonella,Thiothrix,Senegalimassilia,Parvibacter,Lactococcus,Xanthomonas,Desulfotomaculum,Slackia,Enorma,Porphyromonas,Dysgonomonas,Olsenella,Desulfovirgula,Sporobacterium,Tolumonas,Flavobacterium,Enterococcus,Chlorochromatium,Octadecabacter,Sideroxydans,Mogibacterium,Catabacter,Cellulosilyticum,Cronobacter,Cerasibacillus,Intestinimonas,Porphyrobacter,Pseudochrobactrum,Gallaecimonas,Afipia,Proteiniphilum,Myroides,Sulfurimonas,Pediococcus,Candidatus Curculioniphilus,Laceyella,Photorhabdus,Aerococcus,Shuttleworthia,Acetanaerobacterium,Agromyces,Alicyclobacillus,Zobellia,Alteribacillus,Thioalkalivibrio,Novispirillum,Robinsoniella,Erwinia,Citrobacter,Burkholderia,Chromobacterium,Acetivibrio,Leptotrichia,Weissella,Plesiomonas,Aeromonas,Anaerococcus,Leptonema,Candidatus Armantifilum,Rickettsia,Rhodococcus,Lachnobacterium,Tamlana,Heliobacillus,Cytophaga,Arenibacter,Mesorhizobium,Atopobium,Geobacillus,Acinetobacter,Leptolyngbya,Vibrio,Murdochiella,Halothiobacillus,Anaeroplasma,Lonsdalea,Phenylobacterium,Solobacterium,Oceanobacillus,Desulfobotulus,Candidatus Marithioploca,Acidithiobacillus,Dickeya,Methylogaea,Streptomyces,Flexibacter,Candidatus Soleaferrea,Candidatus Stammerula,Devosia,Candidatus Isobeggiatoa,Thiomargarita,Chryseobacterium,Planifilum,Ochrobactrum,Caldicoprobacter,Dethiobacter,Desulfobulbus,Filifactor,Turicibacter,Halobacillus,Natranaerovirga,Howardella,Filimonas,Kineosporia,Brevundimonas,Buchnera,Cellvibrio,Rahnella,Psychroserpens,Hafnia,Yersinia,Balnearium,Sodalis,Azospirillum,Leptospirillum,Anaerobacter,Francisella,Methylobacter,Methylomonas,Hansschlegelia,Desulfitobacterium,Planomicrobium,Geodermatophilus,Desulfocella,Catenibacterium,Hespellia,Anaerofustis,Brasilonema,Syntrophobacter,Rubellimicrobium,Lachnoanaerobaculum,Bradyrhizobium,Spongiibacter,Acidiferrobacter,Rhodobacter,Epulopiscium,Dechloromarinus,Alterococcus,Caldanaerobius,Proteiniborus,Herminiimonas,Dermabacter,Methylobacterium,Arthrobacter,Tenacibaculum,Chitinivorax,Lysinibacillus,Methylophaga,Granulosicoccus,Rhodopseudomonas,Fibrobacter,Catonella,Ewingella,Elizabethkingia,Achromobacter,Thermus,Oxalophagus,Acholeplasma,Fonticella,Fictibacillus,Trichococcus,Teredinibacter,Desulfobacca,Rhizobium,Caldanaerobacter,Pseudenhygromyxa,Desulfacinum,Paraprevotella,Desulfomonile,Abiotrophia,Moraxella,Listeria,Derxia,Sphingobacterium,Rheinheimera,Ignatzschineria,Thermicanus,Dolosigranulum,Alcaligenes,Comamonas,Thermoactinomyces,Hylemonella,Nitrosomonas,Nitrosococcus,Cesiribacter,Marinimicrobium,Oxalobacter,Thermolithobacter,Rhodovibrio,Saccharomonospora,Desulfuromonas,Moorella,Hippea,Promicromonospora,Oceanospirillum,Mitsuaria,Actinobaculum,Arenimonas,Dyadobacter,Methylobacillus,Legionella,Bacteriovorax,Caloramator,Heliorestis,Coriobacterium,Catenulispora,Thioflavicoccus,Shimwellia,Desmospora,date
0.000269,0.000152,0.003478,0.000972,0.000176,0.006148,9.4e-05,0.084842,0.000644,0.003665,0.000222,0.000152,0.007378,2.3e-05,2.3e-05,0.000937,0.005832,0.014111,5.9e-05,2.3e-05,2.3e-05,0.000351,2.3e-05,4.7e-05,0.000609,0.058482,0.015505,0.003384,0.000164,0.010305,0.00527,0.000433,4.7e-05,0.100464,0.006944,0.000375,2.3e-05,0.000176,0.000187,2.3e-05,0.001534,0.000105,3.5e-05,4.7e-05,2.3e-05,2.3e-05,7e-05,0.000105,0.000855,0.000187,3.5e-05,0.002131,0.017917,0.014345,3.5e-05,0.004918,0.005235,0.000281,7e-05,0.036138,0.000199,2.3e-05,7e-05,2.3e-05,3.5e-05,0.000117,8.2e-05,0.130079,0.001827,0.000105,0.014134,0.01013,0.000632,0.019357,2.3e-05,0.003466,3.5e-05,0.000714,0.006862,0.000269,0.00096,NA,NA,NA,NA,NA,NA,NA,NA,NA,NA,NA,NA,NA,NA,NA,NA,NA,NA,NA,NA,NA,NA,NA,NA,NA,NA,NA,NA,NA,NA,NA,NA,NA,NA,NA,NA,NA,NA,NA,NA,NA,NA,NA,NA,NA,NA,NA,NA,NA,NA,NA,NA,NA,NA,NA,NA,NA,NA,NA,NA,NA,NA,NA,NA,NA,NA,NA,NA,NA,NA,NA,NA,NA,NA,NA,NA,NA,NA,NA,NA,NA,NA,NA,NA,NA,NA,NA,NA,NA,NA,NA,NA,NA,NA,NA,NA,NA,NA,NA,NA,NA,NA,NA,NA,NA,NA,NA,NA,NA,NA,NA,NA,NA,NA,NA,NA,NA,NA,NA,NA,NA,NA,NA,NA,NA,NA,NA,NA,NA,NA,NA,NA,NA,NA,NA,NA,NA,NA,NA,NA,NA,NA,NA,NA,NA,NA,NA,NA,NA,NA,NA,NA,NA,NA,NA,NA,NA,NA,NA,NA,NA,NA,NA,NA,NA,NA,NA,NA,NA,NA,NA,NA,NA,NA,NA,NA,NA,NA,NA,NA,NA,NA,NA,NA,NA,NA,NA,NA,NA,NA,NA,NA,NA,NA,NA,NA,NA,NA,NA,NA,NA,NA,NA,NA,NA,NA,NA,NA,NA,NA,NA,NA,NA,NA,NA,NA,NA,NA,NA,NA,NA,NA,NA,NA,NA,NA,NA,NA,NA,NA,NA,NA,NA,NA,NA,NA,NA,NA,NA,NA,NA,NA,NA,NA,NA,NA,NA,NA,NA,NA,NA,NA,NA,NA,1.14.2015
NA,NA,0.023585,0.000735,0.000224,0.025397,NA,0.073824,0.006398,0.000938,0.001939,0.002397,0.049818,9.1e-05,7.5e-05,NA,0.018556,0.011193,2.1e-05,NA,0.000416,0.006601,NA,3.2e-05,0.001657,0.030197,0.056083,0.010106,0.000693,0.010218,0.027394,1.6e-05,NA,0.01017,0.003117,0.000266,0.000474,NA,NA,NA,2.1e-05,0.000123,NA,NA,NA,NA,0.000357,2.1e-05,0.013335,1.1e-05,NA,0.003138,0.020511,0.112369,NA,8e-05,NA,0.000448,NA,0.016835,NA,NA,0.000202,1.1e-05,4.8e-05,0.000661,NA,0.071858,0.004758,7.5e-05,0.003149,0.010021,1.1e-05,0.015445,NA,0.001028,NA,0.013777,0.008439,7.5e-05,0.001753,0.00016,1.1e-05,1.6e-05,1.6e-05,5.3e-05,5.3e-05,1.6e-05,4.3e-05,3.2e-05,4.3e-05,4.3e-05,0.000208,1.6e-05,0.000101,1.1e-05,1.1e-05,1.1e-05,4.3e-05,0.000139,1.6e-05,7.5e-05,2.1e-05,2.1e-05,1.6e-05,5.3e-05,4.8e-05,1.6e-05,1.6e-05,5.9e-05,1.1e-05,0.000346,1.1e-05,1.6e-05,4.8e-05,2.7e-05,2.7e-05,1.6e-05,0.001039,1.1e-05,1.1e-05,0.000474,1.1e-05,0.004385,1.1e-05,NA,NA,NA,NA,NA,NA,NA,NA,NA,NA,NA,NA,NA,NA,NA,NA,NA,NA,NA,NA,NA,NA,NA,NA,NA,NA,NA,NA,NA,NA,NA,NA,NA,NA,NA,NA,NA,NA,NA,NA,NA,NA,NA,NA,NA,NA,NA,NA,NA,NA,NA,NA,NA,NA,NA,NA,NA,NA,NA,NA,NA,NA,NA,NA,NA,NA,NA,NA,NA,NA,NA,NA,NA,NA,NA,NA,NA,NA,NA,NA,NA,NA,NA,NA,NA,NA,NA,NA,NA,NA,NA,NA,NA,NA,NA,NA,NA,NA,NA,NA,NA,NA,NA,NA,NA,NA,NA,NA,NA,NA,NA,NA,NA,NA,NA,NA,NA,NA,NA,NA,NA,NA,NA,NA,NA,NA,NA,NA,NA,NA,NA,NA,NA,NA,NA,NA,NA,NA,NA,NA,NA,NA,NA,NA,NA,NA,NA,NA,NA,NA,NA,NA,NA,NA,NA,NA,NA,NA,NA,NA,NA,NA,NA,NA,NA,NA,NA,NA,NA,NA,NA,NA,NA,NA,NA,NA,NA,NA,NA,NA,NA,NA,NA,NA,NA,NA,NA,NA,NA,NA,NA,NA,NA,NA,NA,NA,NA,NA,NA,NA,NA,NA,NA,NA,NA,NA,NA,NA,NA,NA,1.19.2014
0.000104,NA,0.012983,0.001639,NA,0.042304,5.2e-05,0.166875,0.00013,0.00052,0.002029,0.000494,0.065694,NA,NA,NA,0.004605,NA,NA,0.000208,5.2e-05,0.001925,0.000208,0.000104,NA,0.019929,0.014336,0.001353,5.2e-05,0.013269,0.068087,NA,NA,0.002107,0.001743,NA,NA,NA,NA,5.2e-05,NA,5.2e-05,NA,NA,NA,NA,NA,NA,0.004163,NA,NA,0.001587,0.002914,0.116115,NA,NA,NA,NA,NA,0.010485,NA,NA,0.001795,NA,NA,NA,NA,0.032157,0.00255,NA,0.009913,0.006218,0.000234,0.012774,NA,0.004839,NA,0.00039,NA,0.000234,0.00065,NA,NA,NA,NA,NA,NA,NA,NA,5.2e-05,NA,NA,NA,NA,NA,NA,NA,5.2e-05,5.2e-05,NA,NA,5.2e-05,NA,NA,NA,NA,NA,NA,NA,NA,NA,7.8e-05,NA,NA,NA,NA,NA,NA,NA,NA,NA,5.2e-05,NA,NA,NA,5.2e-05,7.8e-05,0.000104,5.2e-05,5.2e-05,5.2e-05,5.2e-05,7.8e-05,5.2e-05,0.00026,0.000104,7.8e-05,0.000104,NA,NA,NA,NA,NA,NA,NA,NA,NA,NA,NA,NA,NA,NA,NA,NA,NA,NA,NA,NA,NA,NA,NA,NA,NA,NA,NA,NA,NA,NA,NA,NA,NA,NA,NA,NA,NA,NA,NA,NA,NA,NA,NA,NA,NA,NA,NA,NA,NA,NA,NA,NA,NA,NA,NA,NA,NA,NA,NA,NA,NA,NA,NA,NA,NA,NA,NA,NA,NA,NA,NA,NA,NA,NA,NA,NA,NA,NA,NA,NA,NA,NA,NA,NA,NA,NA,NA,NA,NA,NA,NA,NA,NA,NA,NA,NA,NA,NA,NA,NA,NA,NA,NA,NA,NA,NA,NA,NA,NA,NA,NA,NA,NA,NA,NA,NA,NA,NA,NA,NA,NA,NA,NA,NA,NA,NA,NA,NA,NA,NA,NA,NA,NA,NA,NA,NA,NA,NA,NA,NA,NA,NA,NA,NA,NA,NA,NA,NA,NA,NA,NA,NA,NA,NA,NA,NA,NA,NA,NA,NA,NA,NA,NA,NA,NA,NA,NA,NA,NA,NA,NA,NA,NA,NA,NA,NA,NA,NA,NA,NA,NA,NA,NA,NA,NA,NA,NA,NA,NA,NA,NA,NA,NA,NA,NA,NA,NA,1.25.2015
0.000116,NA,0.026954,0.000985,NA,0.020764,NA,0.054098,4.8e-05,7.5e-05,0.000965,0.03525,0.021063,2.7e-05,NA,NA,0.011952,9.5e-05,NA,NA,0.000156,0.002127,NA,2.7e-05,1.4e-05,0.010151,0.122505,0.011245,0.005442,0.022184,0.023543,0.000279,NA,0.022592,0.001434,1.4e-05,8.8e-05,6.8e-05,NA,6.1e-05,1.4e-05,2e-05,NA,0.000102,NA,NA,8.8e-05,NA,0.001291,0.00672,1.4e-05,0.000306,0.003846,0.077389,NA,NA,NA,0.000116,NA,0.012074,4.8e-05,NA,0.00248,NA,NA,0.000333,NA,0.043838,0.007753,2.7e-05,0.003146,0.016266,6.8e-05,0.045435,NA,0.005008,NA,1.4e-05,0.000313,0.001875,0.00108,NA,NA,NA,NA,8.8e-05,1.4e-05,NA,NA,NA,NA,2.7e-05,NA,NA,NA,NA,NA,0.000333,6.1e-05,NA,NA,1.4e-05,0.000136,NA,NA,1.4e-05,NA,NA,NA,NA,1.4e-05,0.000319,NA,NA,NA,2e-05,NA,NA,NA,NA,NA,NA,NA,5.4e-05,NA,4.8e-05,NA,NA,NA,NA,6.8e-05,NA,NA,NA,NA,NA,NA,1.4e-05,1.4e-05,1.4e-05,1.4e-05,1.4e-05,1.4e-05,6.1e-05,1.4e-05,4.1e-05,1.4e-05,2e-05,5.4e-05,0.142922,1.4e-05,1.4e-05,NA,NA,NA,NA,NA,NA,NA,NA,NA,NA,NA,NA,NA,NA,NA,NA,NA,NA,NA,NA,NA,NA,NA,NA,NA,NA,NA,NA,NA,NA,NA,NA,NA,NA,NA,NA,NA,NA,NA,NA,NA,NA,NA,NA,NA,NA,NA,NA,NA,NA,NA,NA,NA,NA,NA,NA,NA,NA,NA,NA,NA,NA,NA,NA,NA,NA,NA,NA,NA,NA,NA,NA,NA,NA,NA,NA,NA,NA,NA,NA,NA,NA,NA,NA,NA,NA,NA,NA,NA,NA,NA,NA,NA,NA,NA,NA,NA,NA,NA,NA,NA,NA,NA,NA,NA,NA,NA,NA,NA,NA,NA,NA,NA,NA,NA,NA,NA,NA,NA,NA,NA,NA,NA,NA,NA,NA,NA,NA,NA,NA,NA,NA,NA,NA,NA,NA,NA,NA,NA,NA,NA,NA,NA,NA,NA,NA,NA,NA,NA,NA,NA,NA,NA,NA,NA,NA,NA,NA,NA,NA,NA,NA,NA,NA,NA,NA,NA,NA,NA,NA,NA,NA,NA,NA,NA,NA,NA,NA,NA,NA,NA,NA,NA,1.26.2013
5e-05,NA,0.003137,0.000751,1.5e-05,0.00771,0.000143,0.090402,0.000368,0.000604,0.000252,0.00211,0.011532,3.5e-05,NA,NA,0.002409,0.000376,5.4e-05,NA,5.4e-05,0.000252,8e-06,7.4e-05,0.000271,0.035754,0.153468,0.001421,0.000441,0.009,0.006266,0.000786,NA,0.005185,0.003501,NA,8e-06,NA,8e-06,5.4e-05,0.028335,1.5e-05,NA,0.000116,2.3e-05,0.001243,0.000112,NA,5.8e-05,0.000186,3.1e-05,0.001204,0.027758,0.021744,2.7e-05,0.008856,0.001115,0.001073,NA,0.015288,0.005638,8e-06,0.000527,1.9e-05,1.5e-05,0.001491,8.5e-05,0.08883,0.001077,3.1e-05,0.006587,0.005541,0.002261,0.012915,NA,0.004326,NA,0.015838,0.000751,0.000252,0.000945,6.2e-05,NA,NA,NA,8e-06,NA,8e-06,NA,1.2e-05,NA,NA,NA,NA,NA,1.5e-05,NA,4.3e-05,8e-06,1.5e-05,NA,1.5e-05,NA,NA,NA,NA,4.6e-05,1.2e-05,NA,1.5e-05,8e-06,NA,NA,NA,8e-06,1.2e-05,0.000197,1.2e-05,NA,2.3e-05,NA,1.2e-05,NA,1.5e-05,NA,8e-06,NA,NA,NA,1.5e-05,NA,NA,1.2e-05,NA,NA,8e-06,7.4e-05,NA,NA,NA,NA,NA,NA,2.7e-05,NA,NA,NA,NA,NA,0.003156,NA,NA,1.5e-05,8e-06,1.9e-05,8e-06,8e-06,2.3e-05,8e-06,1.5e-05,8e-06,8e-06,5e-05,2.7e-05,0.000124,8e-06,8e-06,0.000592,1.2e-05,8e-06,8e-06,4.3e-05,0.00012,1.9e-05,0.000209,1.5e-05,3.5e-05,2.7e-05,8e-06,8e-06,8e-06,0.000778,5.8e-05,1.5e-05,0.000244,8e-06,3.1e-05,8e-06,8e-06,1.9e-05,8e-06,1.5e-05,NA,NA,NA,NA,NA,NA,NA,NA,NA,NA,NA,NA,NA,NA,NA,NA,NA,NA,NA,NA,NA,NA,NA,NA,NA,NA,NA,NA,NA,NA,NA,NA,NA,NA,NA,NA,NA,NA,NA,NA,NA,NA,NA,NA,NA,NA,NA,NA,NA,NA,NA,NA,NA,NA,NA,NA,NA,NA,NA,NA,NA,NA,NA,NA,NA,NA,NA,NA,NA,NA,NA,NA,NA,NA,NA,NA,NA,NA,NA,NA,NA,NA,NA,NA,NA,NA,NA,NA,NA,NA,NA,NA,NA,NA,NA,NA,NA,NA,NA,NA,NA,NA,NA,NA,NA,NA,NA,NA,NA,NA,NA,NA,NA,NA,NA,NA,NA,NA,NA,NA,NA,NA,NA,NA,NA,NA,NA,NA,NA,NA,NA,NA,NA,NA,NA,NA,NA,NA,NA,NA,NA,NA,NA,1.6.2015
NA,NA,0.006824,0.000788,0.000882,0.004771,NA,0.025157,0.001684,0.001641,0.000347,0.001424,2.2e-05,4.3e-05,1.4e-05,NA,0.00681,0.003275,0.000145,5.8e-05,0.001121,0.001135,NA,1.4e-05,0.0024,0.017726,0.127008,0.003043,0.004215,0.025302,0.007627,NA,NA,0.005451,0.004178,1.4e-05,0.000195,NA,NA,NA,0.011118,0.00073,0.000925,0.000123,NA,NA,0.003643,NA,0.005328,8.7e-05,1.4e-05,0.001301,0.03149,0.024362,NA,0.000137,NA,0.000108,NA,0.042991,0.002212,0.001236,8e-05,0.000145,NA,0.002393,NA,0.045977,0.017357,0.000441,0.005928,0.002747,0.001005,0.008198,NA,0.030948,NA,0.042348,8.7e-05,7.2e-05,0.001786,0.000506,NA,NA,NA,1.4e-05,NA,NA,NA,NA,NA,4.3e-05,NA,NA,NA,NA,NA,NA,7.2e-05,1.4e-05,8.7e-05,NA,0.000159,NA,NA,NA,0.000116,NA,NA,0.002002,2.9e-05,0.000217,1.4e-05,NA,NA,5.1e-05,NA,NA,0.000123,NA,NA,NA,1.4e-05,0.002407,NA,4.3e-05,NA,NA,NA,NA,NA,NA,NA,NA,NA,0.00021,NA,NA,NA,NA,NA,NA,NA,NA,NA,NA,1.4e-05,NA,NA,0.140505,NA,3.6e-05,NA,NA,NA,NA,NA,NA,NA,NA,NA,NA,NA,1.4e-05,NA,NA,NA,NA,NA,NA,NA,1.4e-05,NA,NA,NA,1.4e-05,1.4e-05,NA,NA,1.4e-05,NA,NA,0.000535,NA,NA,NA,NA,NA,NA,NA,NA,NA,1.4e-05,1.4e-05,1.4e-05,2.2e-05,1.4e-05,4.3e-05,1.4e-05,2.2e-05,NA,NA,NA,NA,NA,NA,NA,NA,NA,NA,NA,NA,NA,NA,NA,NA,NA,NA,NA,NA,NA,NA,NA,NA,NA,NA,NA,NA,NA,NA,NA,NA,NA,NA,NA,NA,NA,NA,NA,NA,NA,NA,NA,NA,NA,NA,NA,NA,NA,NA,NA,NA,NA,NA,NA,NA,NA,NA,NA,NA,NA,NA,NA,NA,NA,NA,NA,NA,NA,NA,NA,NA,NA,NA,NA,NA,NA,NA,NA,NA,NA,NA,NA,NA,NA,NA,NA,NA,NA,NA,NA,NA,NA,NA,NA,NA,NA,NA,NA,NA,NA,NA,NA,NA,NA,NA,NA,NA,NA,NA,NA,NA,NA,NA,NA,NA,NA,NA,NA,NA,NA,NA,NA,NA,NA,NA,NA,NA,NA,NA,NA,NA,NA,NA,NA,10.10.2013
NA,5.1e-05,0.007105,0.000953,9.3e-05,0.014893,NA,0.044029,0.003004,0.000667,0.000456,0.002801,5.9e-05,0.000312,NA,NA,0.009898,5.9e-05,3.4e-05,3.4e-05,0.001207,0.001232,NA,0.000101,0.001662,0.013467,0.160082,0.008573,0.001316,0.003898,0.00994,NA,NA,0.006911,0.00281,NA,0.000245,NA,NA,NA,0.016158,0.000785,NA,0.000203,NA,2.5e-05,0.002498,NA,0.003105,0.001131,3.4e-05,0.001865,0.007923,0.065764,NA,NA,NA,9.3e-05,NA,0.02258,0.002143,0.001038,0.000169,1.7e-05,NA,0.001434,NA,0.027879,0.070498,0.00027,0.001856,0.002354,5.1e-05,0.046965,NA,0.030359,NA,0.006885,8.4e-05,NA,0.000937,3.4e-05,NA,NA,NA,2.5e-05,NA,NA,NA,1.7e-05,NA,NA,NA,3.4e-05,NA,NA,1.7e-05,NA,0.000101,NA,NA,3.4e-05,0.000101,1.7e-05,9.3e-05,0.00011,2.5e-05,NA,NA,0.001291,0.000127,0.000397,NA,NA,5.9e-05,4.2e-05,NA,NA,0.00016,NA,NA,0.000228,NA,0.000405,NA,2.5e-05,NA,NA,NA,NA,NA,NA,NA,NA,NA,NA,NA,NA,NA,NA,NA,NA,NA,NA,NA,NA,NA,NA,NA,0.144928,NA,6.8e-05,NA,NA,NA,NA,NA,NA,NA,NA,NA,NA,NA,NA,1.7e-05,NA,NA,NA,NA,NA,NA,NA,1.7e-05,1.7e-05,NA,NA,3.4e-05,NA,NA,1.7e-05,NA,NA,0.000169,NA,NA,NA,NA,NA,NA,NA,NA,NA,NA,NA,1.7e-05,NA,NA,NA,NA,NA,1.7e-05,6.8e-05,NA,NA,NA,NA,NA,NA,NA,NA,NA,NA,NA,NA,NA,NA,NA,NA,NA,NA,NA,NA,NA,NA,NA,NA,NA,NA,NA,NA,NA,NA,NA,NA,NA,NA,NA,NA,NA,NA,NA,NA,NA,NA,NA,NA,NA,NA,NA,NA,NA,NA,NA,NA,NA,NA,NA,NA,NA,NA,NA,NA,NA,NA,NA,NA,NA,NA,NA,NA,NA,NA,NA,NA,NA,NA,NA,NA,NA,NA,NA,NA,NA,NA,NA,NA,NA,NA,NA,NA,NA,NA,NA,NA,NA,NA,NA,NA,NA,NA,NA,NA,NA,NA,NA,NA,NA,NA,NA,NA,NA,NA,NA,NA,NA,NA,NA,NA,NA,NA,NA,NA,NA,NA,NA,NA,NA,NA,NA,NA,NA,NA,NA,NA,NA,10.2.2013
NA,3e-05,0.013507,0.000913,2e-05,0.013051,NA,0.049097,0.000487,9.1e-05,0.001116,0.001532,NA,0.000264,NA,NA,0.008443,2e-05,2e-05,7.1e-05,0.000822,0.003877,NA,0.000122,0.000122,0.005581,0.192805,0.008595,0.001806,0.014431,0.020692,NA,NA,0.00273,0.001857,2e-05,0.000142,NA,NA,NA,0.015821,0.000558,0.000355,7.1e-05,NA,4.1e-05,0.003136,NA,0.004628,0.000132,NA,0.000741,0.024132,0.104232,NA,NA,NA,2e-05,NA,0.021331,0.001979,0.000457,6.1e-05,NA,NA,0.001451,5.1e-05,0.020672,0.015486,6.1e-05,0.001715,0.001116,0.000873,0.036665,NA,0.050832,NA,0.002872,0.000254,NA,0.000589,NA,NA,NA,NA,2e-05,9.1e-05,2e-05,NA,NA,NA,NA,NA,NA,NA,NA,NA,2e-05,0.000152,NA,NA,NA,0.000112,2e-05,NA,NA,6.1e-05,NA,NA,0.001685,4.1e-05,0.000436,NA,NA,NA,0.000101,NA,NA,NA,NA,NA,4.1e-05,NA,0.002943,NA,2e-05,NA,NA,NA,NA,0.000193,NA,NA,NA,NA,NA,NA,NA,NA,NA,NA,NA,NA,NA,NA,NA,NA,NA,NA,0.071666,NA,NA,NA,NA,NA,NA,NA,NA,NA,NA,NA,NA,NA,NA,NA,NA,NA,NA,NA,NA,NA,NA,NA,2e-05,4.1e-05,NA,NA,NA,NA,0.000132,NA,NA,0.000315,NA,NA,NA,NA,NA,NA,NA,NA,NA,NA,NA,NA,4.1e-05,NA,NA,NA,NA,NA,NA,NA,NA,NA,NA,NA,NA,NA,NA,NA,NA,NA,NA,NA,NA,NA,NA,NA,NA,NA,NA,NA,NA,NA,NA,NA,NA,NA,NA,NA,NA,NA,NA,NA,NA,NA,NA,NA,NA,NA,NA,NA,NA,NA,NA,NA,NA,NA,NA,NA,NA,NA,NA,NA,NA,NA,NA,NA,NA,NA,NA,NA,NA,NA,NA,NA,NA,NA,NA,NA,NA,NA,NA,NA,NA,NA,NA,NA,NA,NA,NA,NA,NA,NA,NA,NA,NA,NA,NA,NA,NA,NA,NA,NA,NA,NA,NA,NA,NA,NA,NA,NA,NA,NA,NA,NA,NA,NA,NA,NA,NA,NA,NA,NA,NA,NA,NA,NA,NA,NA,NA,NA,NA,NA,NA,NA,NA,NA,NA,NA,NA,NA,NA,NA,10.23.2013
NA,NA,0.013963,0.002289,0.000123,0.008884,NA,0.076178,0.013285,0.000173,0.000185,0.002774,1.6e-05,0.000136,8e-06,NA,0.010425,0.000242,0.000185,8e-06,0.000551,0.005695,NA,2.5e-05,0.004799,0.011431,0.131116,0.00127,0.000723,0.004647,0.024482,NA,NA,0.00438,0.002264,2.1e-05,0.000193,NA,NA,NA,5.3e-05,0.00014,2.5e-05,0.00023,NA,0.000999,0.003608,1.2e-05,0.000736,0.096843,2.1e-05,0.00277,0.041189,0.083957,NA,3.7e-05,NA,5.3e-05,NA,0.031213,0.000251,0.00263,0.000103,5.8e-05,0.000263,0.00083,NA,0.070277,0.008083,0.000242,0.008859,0.002753,2.9e-05,0.011131,NA,0.042492,NA,0.016453,0.000201,NA,0.000678,7e-05,NA,8e-06,NA,7.4e-05,NA,4.9e-05,NA,NA,NA,0.000156,2.5e-05,NA,NA,NA,NA,2.5e-05,7.8e-05,1.6e-05,2.5e-05,8e-06,4.9e-05,1.2e-05,2.5e-05,3.7e-05,0.000859,NA,NA,0.002334,NA,0.000394,8e-06,NA,8e-06,0.000205,3.7e-05,NA,0.000152,NA,NA,8.6e-05,NA,0.000596,8e-06,8e-06,1.2e-05,2.9e-05,NA,NA,4.9e-05,NA,NA,4.1e-05,1.6e-05,3.3e-05,NA,NA,NA,NA,NA,NA,1.6e-05,NA,NA,NA,8e-06,NA,NA,4.9e-05,NA,3.3e-05,NA,NA,NA,NA,NA,NA,NA,0.000251,NA,NA,NA,NA,8e-06,NA,NA,NA,NA,NA,NA,NA,NA,NA,2.9e-05,NA,8e-06,NA,NA,NA,NA,NA,0.002523,NA,NA,NA,NA,NA,NA,NA,NA,NA,NA,NA,NA,NA,NA,NA,NA,NA,NA,NA,1.2e-05,8e-06,8e-06,8e-06,8e-06,8e-06,2.5e-05,8e-06,8e-06,8e-06,NA,NA,NA,NA,NA,NA,NA,NA,NA,NA,NA,NA,NA,NA,NA,NA,NA,NA,NA,NA,NA,NA,NA,NA,NA,NA,NA,NA,NA,NA,NA,NA,NA,NA,NA,NA,NA,NA,NA,NA,NA,NA,NA,NA,NA,NA,NA,NA,NA,NA,NA,NA,NA,NA,NA,NA,NA,NA,NA,NA,NA,NA,NA,NA,NA,NA,NA,NA,NA,NA,NA,NA,NA,NA,NA,NA,NA,NA,NA,NA,NA,NA,NA,NA,NA,NA,NA,NA,NA,NA,NA,NA,NA,NA,NA,NA,NA,NA,NA,NA,NA,NA,NA,NA,NA,NA,NA,NA,NA,NA,NA,NA,NA,NA,NA,NA,NA,NA,NA,NA,NA,NA,NA,10.27.2013
NA,NA,0.012004,0.00265,0.000242,0.016775,NA,0.064757,0.000393,0.000131,0.000181,0.003073,3.5e-05,0.000191,NA,NA,0.005501,0.001849,NA,2e-05,0.000353,0.001209,NA,NA,0.000332,0.00602,0.1203,0.000791,0.005964,0.006508,0.011813,NA,NA,0.000746,0.001728,NA,6.5e-05,NA,NA,NA,0.017777,0.000237,NA,7.1e-05,NA,5e-05,0.002463,NA,0.002826,0.009783,NA,0.001033,0.031605,0.115464,NA,1.5e-05,NA,5.5e-05,NA,0.065361,0.000237,3e-05,1e-05,3e-05,NA,0.000121,NA,0.028855,0.01278,2e-05,0.000992,0.002312,5.5e-05,0.044879,NA,0.02828,NA,0.01746,0.000146,4.5e-05,0.000846,NA,NA,NA,NA,3e-05,NA,2e-05,NA,NA,NA,6e-05,NA,NA,NA,NA,NA,NA,2e-05,4e-05,NA,1e-05,3.5e-05,3e-05,1e-05,1e-05,NA,NA,NA,0.000771,1e-05,0.000227,NA,NA,NA,4.5e-05,1e-05,NA,NA,NA,NA,6e-05,NA,9.6e-05,NA,1.5e-05,NA,NA,NA,NA,2e-05,NA,NA,NA,NA,NA,NA,NA,NA,NA,NA,NA,1.5e-05,NA,NA,NA,NA,NA,NA,0.076454,NA,1.5e-05,NA,NA,NA,NA,NA,NA,NA,NA,NA,NA,NA,NA,NA,NA,NA,NA,NA,NA,NA,NA,NA,NA,3e-05,NA,1e-05,NA,NA,NA,NA,NA,2.5e-05,NA,NA,NA,1.5e-05,1e-05,NA,NA,NA,NA,NA,NA,1.5e-05,NA,NA,NA,NA,NA,NA,NA,5e-05,NA,NA,NA,NA,NA,NA,NA,NA,NA,1e-05,2.5e-05,NA,NA,NA,NA,NA,NA,NA,NA,NA,NA,NA,NA,NA,NA,NA,NA,NA,NA,NA,NA,NA,NA,NA,NA,NA,NA,NA,NA,NA,NA,NA,NA,NA,NA,NA,NA,NA,NA,NA,NA,NA,NA,NA,NA,NA,NA,NA,NA,NA,NA,NA,NA,NA,NA,NA,NA,NA,NA,NA,NA,NA,NA,NA,NA,NA,NA,NA,NA,NA,NA,NA,NA,NA,NA,NA,NA,NA,NA,NA,NA,NA,NA,NA,NA,NA,NA,NA,NA,NA,NA,NA,NA,NA,NA,NA,NA,NA,NA,NA,NA,NA,NA,NA,NA,NA,NA,NA,NA,NA,NA,NA,NA,NA,NA,NA,NA,NA,NA,NA,NA,NA,11.10.2013
NA,NA,0.005768,0.001691,NA,0.019645,NA,0.081178,0.000347,0.001288,0.000467,0.000545,0.000241,5e-05,1.4e-05,NA,0.005831,1.4e-05,0.000149,1.4e-05,7.1e-05,0.001698,7.8e-05,1.4e-05,9.9e-05,0.029652,0.039637,0.000347,0.000821,0.009164,0.022327,0.000156,NA,0.000885,0.005909,NA,NA,NA,NA,NA,8.5e-05,1.4e-05,NA,0.000425,NA,NA,0.000347,NA,2.8e-05,0.000616,0.000156,0.001599,0.018619,0.085035,NA,0.003347,0.000142,0.000828,NA,0.019171,0.000524,NA,0.000587,NA,1.4e-05,0.000177,NA,0.053232,0.022249,NA,0.003241,0.007374,0.001713,0.042977,NA,0.003984,NA,0.005888,0.028449,0.000262,0.001274,NA,NA,2.8e-05,NA,NA,NA,NA,NA,1.4e-05,NA,NA,NA,NA,NA,8.5e-05,NA,2.1e-05,3.5e-05,NA,NA,NA,NA,NA,NA,NA,1.4e-05,NA,NA,NA,1.4e-05,6.4e-05,NA,NA,1.4e-05,NA,NA,NA,0.000134,NA,NA,6.4e-05,NA,NA,1.4e-05,NA,NA,NA,2.8e-05,5e-05,NA,NA,1.4e-05,NA,0.000134,5e-05,0.000163,1.4e-05,NA,NA,NA,NA,NA,NA,NA,NA,NA,NA,NA,0.041159,NA,NA,NA,NA,NA,NA,NA,NA,NA,NA,1.4e-05,NA,NA,NA,1.4e-05,NA,NA,NA,NA,NA,NA,NA,0.000142,5e-05,4.2e-05,NA,NA,NA,NA,NA,NA,NA,NA,NA,2.1e-05,NA,NA,NA,NA,NA,1.4e-05,NA,NA,NA,NA,NA,NA,NA,NA,NA,NA,NA,NA,NA,NA,NA,NA,NA,NA,NA,NA,1.4e-05,NA,NA,1.4e-05,1.4e-05,1.4e-05,1.4e-05,0.008528,3.5e-05,1.4e-05,1.4e-05,6.4e-05,8.5e-05,NA,NA,NA,NA,NA,NA,NA,NA,NA,NA,NA,NA,NA,NA,NA,NA,NA,NA,NA,NA,NA,NA,NA,NA,NA,NA,NA,NA,NA,NA,NA,NA,NA,NA,NA,NA,NA,NA,NA,NA,NA,NA,NA,NA,NA,NA,NA,NA,NA,NA,NA,NA,NA,NA,NA,NA,NA,NA,NA,NA,NA,NA,NA,NA,NA,NA,NA,NA,NA,NA,NA,NA,NA,NA,NA,NA,NA,NA,NA,NA,NA,NA,NA,NA,NA,NA,NA,NA,NA,NA,NA,NA,NA,NA,NA,NA,NA,NA,NA,NA,NA,NA,NA,NA,NA,NA,NA,NA,NA,NA,NA,11.16.2014
NA,NA,0.025516,0.000638,NA,0.019512,8e-05,0.103313,2.7e-05,0.001102,0.000903,0.017626,NA,0.000199,NA,NA,0.00251,NA,NA,NA,NA,0.001528,NA,NA,NA,0.001979,0.207489,0.000252,0.003374,0.005751,0.025596,0.000558,NA,0.041402,0.000478,NA,NA,NA,NA,NA,NA,NA,0.002032,NA,NA,NA,NA,NA,0.00267,NA,NA,NA,0.063106,0.069561,NA,NA,NA,NA,NA,0.007385,0.002909,6.6e-05,2.7e-05,0.002484,NA,0.000159,NA,0.051072,4e-05,NA,0.004078,0.001156,4e-05,0.092647,NA,0.008899,NA,NA,NA,0.000173,0.000398,NA,NA,NA,NA,NA,NA,5.3e-05,NA,NA,NA,NA,NA,NA,NA,NA,NA,5.3e-05,NA,NA,NA,NA,2.7e-05,NA,NA,NA,NA,NA,NA,NA,0.000106,0.002364,NA,NA,NA,NA,6.6e-05,NA,NA,NA,NA,NA,NA,NA,NA,NA,NA,NA,NA,NA,2.7e-05,NA,NA,4e-05,0.000306,NA,NA,2.7e-05,NA,NA,NA,NA,NA,NA,NA,NA,NA,NA,NA,4e-05,NA,NA,NA,NA,NA,NA,NA,NA,NA,NA,NA,NA,NA,NA,NA,NA,NA,NA,NA,NA,NA,NA,5.3e-05,NA,NA,NA,NA,NA,NA,NA,NA,NA,NA,NA,NA,NA,NA,NA,2.7e-05,NA,NA,NA,NA,NA,NA,NA,NA,NA,NA,NA,0.002577,NA,NA,NA,2.7e-05,NA,NA,NA,NA,NA,NA,NA,NA,NA,NA,NA,NA,2.7e-05,NA,NA,NA,NA,NA,NA,0.001076,2.7e-05,0.000239,0.000638,2.7e-05,4e-05,8e-05,2.7e-05,NA,NA,NA,NA,NA,NA,NA,NA,NA,NA,NA,NA,NA,NA,NA,NA,NA,NA,NA,NA,NA,NA,NA,NA,NA,NA,NA,NA,NA,NA,NA,NA,NA,NA,NA,NA,NA,NA,NA,NA,NA,NA,NA,NA,NA,NA,NA,NA,NA,NA,NA,NA,NA,NA,NA,NA,NA,NA,NA,NA,NA,NA,NA,NA,NA,NA,NA,NA,NA,NA,NA,NA,NA,NA,NA,NA,NA,NA,NA,NA,NA,NA,NA,NA,NA,NA,NA,NA,NA,NA,NA,NA,NA,NA,NA,NA,NA,NA,NA,NA,NA,NA,NA,11.22.2014
0.000175,NA,0.015387,0.006289,7e-05,0.014264,NA,0.05127,0.000137,0.001406,0.002154,0.02786,0.012355,0.00021,NA,NA,0.00244,6e-06,3.5e-05,NA,0.000181,0.007272,NA,6e-06,1e-05,0.017779,0.115144,0.007587,0.005767,0.012152,0.030796,4.5e-05,NA,0.043149,0.004918,NA,0.000137,2.5e-05,NA,NA,6e-06,NA,NA,NA,NA,NA,0.000324,0.000159,0.012982,NA,NA,0.000687,0.006766,0.109558,NA,NA,NA,2.9e-05,NA,0.024132,0.000544,NA,0.000519,6e-06,NA,0.000668,NA,0.083934,0.007829,NA,0.003038,0.005939,1.3e-05,0.02953,NA,0.00837,NA,0.005408,0.000137,0.001053,0.003537,NA,NA,NA,NA,1.3e-05,NA,NA,NA,NA,NA,NA,NA,NA,NA,NA,NA,2.5e-05,0.000137,0.000146,NA,5.7e-05,0.00035,1e-05,2.2e-05,5.1e-05,1.6e-05,NA,NA,1e-05,3.5e-05,0.000875,6e-06,NA,6e-06,4.5e-05,NA,NA,2.9e-05,NA,NA,1.6e-05,NA,5.4e-05,NA,1.6e-05,1e-05,NA,NA,NA,6e-06,NA,NA,4.1e-05,NA,NA,NA,NA,NA,NA,NA,4.8e-05,0.00015,NA,NA,1.3e-05,6e-06,NA,NA,9.2e-05,NA,NA,NA,NA,NA,NA,NA,NA,NA,NA,NA,NA,NA,NA,NA,NA,NA,NA,NA,NA,NA,1.3e-05,NA,NA,NA,NA,NA,NA,NA,NA,2.9e-05,NA,NA,NA,NA,NA,NA,NA,NA,NA,NA,NA,NA,NA,NA,NA,1e-05,NA,NA,NA,NA,6e-06,NA,NA,NA,NA,NA,NA,NA,NA,NA,NA,NA,NA,NA,NA,NA,NA,NA,NA,NA,NA,NA,NA,3.5e-05,NA,NA,NA,NA,NA,2.2e-05,NA,6e-06,2.5e-05,4.5e-05,0.00467,0.002707,6e-06,NA,NA,NA,NA,NA,NA,NA,NA,NA,NA,NA,NA,NA,NA,NA,NA,NA,NA,NA,NA,NA,NA,NA,NA,NA,NA,NA,NA,NA,NA,NA,NA,NA,NA,NA,NA,NA,NA,NA,NA,NA,NA,NA,NA,NA,NA,NA,NA,NA,NA,NA,NA,NA,NA,NA,NA,NA,NA,NA,NA,NA,NA,NA,NA,NA,NA,NA,NA,NA,NA,NA,NA,NA,NA,NA,NA,NA,NA,NA,NA,NA,NA,NA,NA,NA,NA,NA,NA,NA,NA,NA,NA,NA,NA,NA,NA,NA,11.6.2012
6.3e-05,NA,0.003181,0.007679,0.000435,0.012582,NA,0.057287,0.000126,0.000144,0.001557,0.002293,0.0061,0.000129,6e-06,NA,0.00412,0.000201,1.8e-05,NA,0.000288,0.001089,NA,3.3e-05,9.6e-05,0.025521,0.039277,0.005272,0.000576,0.010815,0.009584,NA,NA,0.008381,0.004567,9.6e-05,0.000426,3e-05,NA,NA,0.00012,9e-06,1.2e-05,0.000372,NA,6e-06,0.000258,NA,0.004765,0.000516,3.9e-05,0.002152,0.024375,0.043718,NA,2.4e-05,NA,0.000129,NA,0.028867,0.000129,6e-06,5.4e-05,NA,NA,0.001518,NA,0.096089,0.000312,5.4e-05,0.002092,0.00574,4.5e-05,0.030037,NA,0.009359,NA,0.018196,0.000963,0.000168,0.002965,3.6e-05,NA,NA,NA,NA,NA,3.9e-05,6e-06,2.4e-05,9e-06,5.4e-05,NA,6e-06,NA,NA,NA,0.000354,5.1e-05,0.001122,NA,NA,6e-06,3.3e-05,1.8e-05,NA,NA,NA,NA,6e-06,3e-05,9e-06,NA,NA,9e-06,1.8e-05,2.4e-05,NA,8.1e-05,9e-06,NA,6e-05,NA,0.000126,NA,3.6e-05,NA,NA,NA,NA,NA,NA,NA,NA,NA,2.1e-05,NA,NA,1.5e-05,NA,NA,NA,NA,NA,NA,NA,6e-06,NA,6e-06,0.13145,NA,6e-06,NA,NA,NA,NA,NA,NA,NA,NA,NA,NA,NA,NA,NA,NA,NA,NA,NA,NA,NA,NA,NA,NA,NA,NA,1.5e-05,NA,NA,6e-06,NA,NA,NA,NA,NA,NA,NA,6e-06,NA,NA,NA,NA,NA,NA,1.5e-05,NA,NA,NA,NA,NA,NA,NA,2.1e-05,NA,NA,NA,NA,NA,NA,NA,NA,NA,NA,NA,NA,NA,NA,NA,NA,NA,NA,NA,NA,NA,NA,NA,NA,NA,NA,NA,NA,NA,NA,NA,NA,NA,NA,NA,9e-06,6e-06,6e-06,6e-06,6e-06,0.000522,9e-06,6e-06,1.8e-05,6e-06,6e-06,6e-06,6e-06,6e-06,6e-06,NA,NA,NA,NA,NA,NA,NA,NA,NA,NA,NA,NA,NA,NA,NA,NA,NA,NA,NA,NA,NA,NA,NA,NA,NA,NA,NA,NA,NA,NA,NA,NA,NA,NA,NA,NA,NA,NA,NA,NA,NA,NA,NA,NA,NA,NA,NA,NA,NA,NA,NA,NA,NA,NA,NA,NA,NA,NA,NA,NA,NA,NA,NA,NA,NA,NA,NA,NA,NA,NA,NA,NA,NA,NA,NA,NA,NA,NA,NA,NA,NA,NA,12.14.2013
NA,1e-05,0.004898,0.000492,NA,0.01902,7.4e-05,0.099366,1e-05,0.000452,0.000718,0.007106,0.00058,0.000275,0.000177,NA,0.005483,NA,0.003221,1e-05,0.000221,0.000777,3.4e-05,NA,2e-05,0.017889,0.148613,0.0012,0.00506,0.004765,0.01877,6.4e-05,NA,0.000384,0.002218,NA,NA,NA,NA,1e-05,NA,8.9e-05,NA,NA,NA,NA,0.000443,NA,0.001451,NA,NA,0.001352,0.038567,0.052931,NA,0.022325,0.006098,NA,NA,0.028575,0.006722,NA,0.000541,NA,NA,0.004072,NA,0.052444,0.00087,NA,0.001397,0.004096,0.000851,0.026239,NA,0.004912,NA,0.009569,4.4e-05,0.000929,0.000782,NA,NA,1e-05,NA,2e-05,NA,NA,NA,3.4e-05,NA,NA,NA,NA,NA,NA,3e-05,1e-05,NA,NA,NA,1.5e-05,NA,NA,NA,NA,NA,NA,NA,NA,2e-05,6.4e-05,NA,NA,NA,NA,1e-05,NA,1e-05,NA,NA,1e-05,NA,0.000192,NA,NA,1e-05,NA,1e-05,NA,NA,NA,NA,NA,4.4e-05,5.4e-05,6.4e-05,NA,NA,NA,NA,NA,NA,NA,NA,NA,NA,NA,NA,7.4e-05,NA,NA,NA,NA,NA,NA,NA,NA,NA,NA,NA,NA,NA,NA,NA,NA,NA,NA,NA,NA,NA,2.5e-05,1e-05,NA,NA,3e-05,4.4e-05,NA,NA,NA,NA,NA,NA,NA,NA,NA,NA,NA,NA,NA,NA,NA,NA,NA,NA,1e-05,NA,NA,NA,NA,NA,NA,NA,NA,NA,NA,NA,NA,NA,NA,NA,NA,NA,NA,NA,NA,NA,NA,NA,NA,NA,NA,NA,NA,NA,NA,NA,NA,NA,NA,NA,NA,NA,NA,NA,NA,NA,NA,NA,NA,NA,NA,NA,NA,NA,NA,NA,NA,NA,NA,NA,NA,NA,1.5e-05,3.4e-05,1e-05,1e-05,1e-05,1e-05,1.5e-05,NA,NA,NA,NA,NA,NA,NA,NA,NA,NA,NA,NA,NA,NA,NA,NA,NA,NA,NA,NA,NA,NA,NA,NA,NA,NA,NA,NA,NA,NA,NA,NA,NA,NA,NA,NA,NA,NA,NA,NA,NA,NA,NA,NA,NA,NA,NA,NA,NA,NA,NA,NA,NA,NA,NA,NA,NA,NA,NA,NA,NA,NA,NA,NA,NA,NA,NA,NA,NA,NA,NA,NA,NA,NA,NA,12.17.2014
NA,NA,0.006285,0.001603,NA,0.018221,2.3e-05,0.066771,NA,0.000346,0.000381,0.004417,2.3e-05,0.000265,NA,4.6e-05,0.002099,NA,0.000265,9.2e-05,8.1e-05,0.000519,4.6e-05,0.000104,NA,0.026858,0.151625,0.001315,0.000957,0.004348,0.014865,0.000657,NA,0.004509,0.003759,NA,3.5e-05,NA,NA,5.8e-05,NA,5.8e-05,NA,2.3e-05,NA,NA,0.000853,NA,4.6e-05,2.3e-05,5.8e-05,0.001061,0.016929,0.054051,NA,0.022638,0.005201,NA,NA,0.01046,0.006942,NA,0.000669,2.3e-05,NA,0.003956,NA,0.034458,0.008084,0.000219,0.001534,0.003621,0.000519,0.038667,NA,0.031679,NA,0.006193,4.6e-05,0.001776,0.000923,NA,NA,NA,NA,NA,NA,NA,NA,4.6e-05,NA,2.3e-05,NA,NA,NA,NA,NA,2.3e-05,NA,NA,NA,NA,NA,NA,NA,NA,NA,NA,NA,2.3e-05,NA,NA,NA,NA,NA,2.3e-05,2.3e-05,NA,NA,NA,NA,NA,NA,8.1e-05,NA,5.8e-05,3.5e-05,NA,NA,NA,NA,NA,NA,NA,0.000115,NA,0.000127,NA,NA,NA,NA,NA,NA,NA,NA,NA,NA,NA,NA,0.002745,NA,NA,NA,NA,NA,NA,NA,NA,NA,NA,2.3e-05,NA,NA,NA,NA,NA,NA,NA,NA,NA,NA,NA,NA,4.6e-05,NA,NA,NA,NA,NA,NA,NA,NA,NA,NA,NA,NA,NA,NA,NA,NA,NA,NA,NA,NA,NA,NA,NA,NA,NA,NA,NA,NA,NA,NA,NA,NA,NA,NA,NA,NA,NA,NA,NA,NA,NA,NA,NA,NA,NA,NA,NA,NA,NA,NA,NA,NA,NA,NA,NA,NA,NA,NA,4.6e-05,NA,NA,NA,NA,NA,NA,NA,NA,NA,NA,NA,NA,NA,NA,NA,NA,3.5e-05,NA,NA,NA,NA,NA,2.3e-05,NA,NA,NA,NA,2.3e-05,2.3e-05,0.00015,2.3e-05,NA,NA,NA,NA,NA,NA,NA,NA,NA,NA,NA,NA,NA,NA,NA,NA,NA,NA,NA,NA,NA,NA,NA,NA,NA,NA,NA,NA,NA,NA,NA,NA,NA,NA,NA,NA,NA,NA,NA,NA,NA,NA,NA,NA,NA,NA,NA,NA,NA,NA,NA,NA,NA,NA,NA,NA,NA,NA,NA,NA,NA,NA,NA,NA,NA,NA,NA,NA,NA,NA,NA,12.7.2014
0.00047,NA,0.003491,0.010737,0.000503,0.005648,0.000122,0.069414,0.035729,0.000216,0.000611,0.005211,0.011418,9e-06,0.000226,NA,0.000865,0.000305,5.2e-05,NA,0.000127,0.000597,NA,NA,0.014989,0.005996,0.037218,0.008674,0.004116,0.011559,0.00663,0.000489,NA,0.032834,0.005385,0.004017,1.4e-05,NA,NA,NA,8.5e-05,1.9e-05,0.000179,0.000282,NA,NA,0.00023,NA,4.7e-05,0.000207,1.9e-05,0.004229,0.008335,0.015515,NA,0.001287,NA,4.2e-05,NA,0.009158,0.005949,0.000263,9.4e-05,0.000197,0.000536,0.001635,NA,0.238689,0.000113,8.5e-05,0.008589,0.005018,0.000385,0.003768,NA,0.001504,NA,0.017305,0.001259,9.4e-05,0.002683,0.001419,NA,NA,NA,3.8e-05,NA,1.9e-05,NA,NA,2.3e-05,NA,NA,9e-06,1.4e-05,NA,NA,0.001128,5.6e-05,1.4e-05,0.001349,9e-06,9e-06,6.1e-05,6.1e-05,2.8e-05,0.000761,NA,NA,2.8e-05,NA,1.4e-05,9e-06,NA,NA,9e-06,1.9e-05,NA,0.008852,NA,NA,0.000324,NA,4.2e-05,NA,2.3e-05,NA,NA,NA,NA,NA,NA,NA,NA,NA,5.6e-05,NA,NA,NA,NA,NA,NA,NA,2.3e-05,NA,NA,2.3e-05,9e-06,NA,0.088096,NA,2.3e-05,NA,1.9e-05,NA,NA,NA,NA,NA,9e-06,NA,NA,NA,NA,NA,NA,NA,NA,NA,NA,NA,NA,NA,1.9e-05,NA,NA,NA,NA,NA,NA,NA,NA,0.000127,NA,NA,NA,NA,9e-06,NA,NA,NA,NA,NA,NA,NA,NA,NA,NA,NA,NA,NA,NA,NA,NA,NA,NA,NA,NA,NA,NA,NA,NA,NA,NA,NA,NA,NA,NA,NA,NA,NA,NA,NA,NA,NA,NA,NA,NA,NA,NA,NA,NA,NA,NA,NA,NA,NA,NA,NA,NA,NA,NA,NA,NA,NA,NA,NA,NA,NA,NA,NA,NA,NA,NA,NA,NA,NA,NA,NA,NA,NA,NA,NA,NA,4.2e-05,9e-06,1.9e-05,9e-06,NA,NA,NA,NA,NA,NA,NA,NA,NA,NA,NA,NA,NA,NA,NA,NA,NA,NA,NA,NA,NA,NA,NA,NA,NA,NA,NA,NA,NA,NA,NA,NA,NA,NA,NA,NA,NA,NA,NA,NA,NA,NA,NA,NA,NA,NA,NA,NA,NA,NA,NA,NA,NA,NA,NA,NA,NA,NA,NA,NA,NA,NA,NA,NA,NA,NA,NA,2.17.2014
0.000401,NA,0.005739,0.012448,0.000251,0.019525,7e-06,0.173899,0.002518,0.000466,0.001173,0.003327,0.020432,4e-05,7e-06,NA,0.002059,2.2e-05,9.1e-05,7e-06,0.000302,0.001928,NA,1.1e-05,0.001039,0.005889,0.065614,0.011318,0.000871,0.019481,0.025246,7.3e-05,NA,0.012648,0.003382,0.000674,7.3e-05,9.8e-05,NA,NA,NA,7e-06,1.8e-05,0.00012,NA,NA,0.000306,7e-06,0.000128,0.000339,NA,0.002879,0.012003,0.051362,NA,2.9e-05,NA,3.6e-05,NA,0.012958,0.00051,7e-06,0.000361,1.5e-05,4e-05,0.001775,NA,0.065563,0.000401,7.7e-05,0.007211,0.006162,9.1e-05,0.012306,NA,0.002361,NA,0.011705,0.004471,0.000124,0.001924,3.3e-05,NA,NA,NA,8.7e-05,5.1e-05,NA,1.5e-05,NA,1.8e-05,NA,NA,NA,NA,NA,NA,0.001694,0.000171,NA,6.6e-05,2.6e-05,0.000135,2.6e-05,2.6e-05,2.2e-05,7.3e-05,NA,NA,4.4e-05,NA,5.1e-05,7e-06,NA,NA,2.9e-05,NA,NA,0.000408,NA,NA,0.000179,NA,3.6e-05,NA,4.7e-05,NA,NA,NA,NA,1.5e-05,NA,NA,NA,NA,7e-06,NA,NA,NA,7e-06,NA,NA,NA,4.4e-05,NA,NA,1.5e-05,3.6e-05,7e-06,0.071,NA,1.5e-05,NA,NA,NA,NA,NA,NA,NA,4.4e-05,7e-06,NA,NA,NA,NA,NA,NA,NA,NA,NA,NA,NA,7e-06,NA,1.1e-05,NA,NA,NA,NA,1.5e-05,NA,NA,7e-06,NA,NA,NA,NA,NA,NA,NA,NA,NA,NA,NA,NA,NA,NA,NA,NA,NA,NA,NA,NA,NA,NA,NA,NA,NA,NA,NA,NA,NA,NA,NA,7e-06,NA,NA,NA,NA,NA,NA,NA,NA,NA,NA,NA,NA,NA,NA,NA,NA,NA,NA,NA,NA,NA,NA,NA,NA,NA,NA,NA,NA,NA,NA,NA,NA,1.1e-05,NA,7e-06,NA,NA,NA,NA,NA,NA,NA,1.5e-05,NA,NA,NA,NA,NA,NA,NA,7e-06,NA,NA,1.5e-05,1.1e-05,NA,NA,NA,NA,NA,NA,NA,NA,NA,NA,NA,NA,NA,NA,NA,NA,NA,NA,NA,NA,NA,NA,NA,NA,NA,NA,NA,NA,NA,NA,NA,NA,NA,NA,NA,NA,NA,NA,NA,NA,NA,NA,NA,NA,NA,NA,NA,NA,NA,NA,NA,NA,NA,NA,NA,NA,NA,NA,NA,NA,NA,NA,NA,NA,NA,2.17.2014.1
NA,NA,0.005789,0.006638,NA,0.009837,0.000109,0.228514,NA,0.000609,0.000653,0.002633,0.000131,NA,NA,NA,0.000522,NA,0.000239,NA,NA,4.4e-05,NA,NA,NA,0.013515,0.158067,0.000392,NA,0.001349,0.018129,0.000958,NA,0.001806,0.000435,NA,NA,NA,NA,NA,NA,NA,NA,NA,NA,NA,0.000174,NA,0.001415,4.4e-05,NA,0.000305,0.02468,0.029467,NA,0.016584,0.002568,NA,NA,0.025071,0.002655,NA,8.7e-05,NA,NA,0.002829,NA,0.036432,0.004831,NA,0.000827,0.001328,0.000522,0.048706,NA,0.006834,NA,0.000392,4.4e-05,0.000827,6.5e-05,NA,NA,NA,NA,NA,NA,NA,NA,NA,NA,NA,NA,NA,NA,NA,NA,NA,4.4e-05,NA,NA,4.4e-05,NA,NA,NA,NA,NA,NA,NA,NA,NA,NA,NA,NA,NA,NA,0.000239,NA,NA,NA,NA,NA,NA,NA,NA,NA,NA,NA,NA,6.5e-05,NA,NA,4.4e-05,NA,NA,NA,NA,NA,NA,NA,NA,NA,NA,NA,NA,NA,NA,NA,NA,6.5e-05,NA,NA,NA,4.4e-05,NA,NA,NA,NA,NA,NA,NA,NA,NA,NA,NA,NA,NA,NA,NA,NA,NA,NA,NA,NA,NA,4.4e-05,NA,4.4e-05,NA,NA,NA,NA,NA,NA,NA,NA,NA,NA,NA,NA,NA,NA,NA,NA,NA,NA,NA,8.7e-05,NA,NA,NA,NA,NA,NA,NA,NA,NA,NA,NA,NA,NA,NA,NA,NA,NA,NA,NA,NA,NA,NA,NA,NA,NA,NA,NA,NA,NA,NA,NA,NA,NA,NA,NA,NA,NA,NA,NA,NA,NA,NA,NA,NA,NA,NA,NA,NA,NA,NA,NA,NA,NA,NA,NA,NA,NA,8.7e-05,NA,NA,NA,NA,4.4e-05,NA,NA,NA,NA,NA,NA,NA,NA,NA,4.4e-05,4.4e-05,6.5e-05,4.4e-05,4.4e-05,NA,NA,NA,NA,NA,NA,NA,NA,NA,NA,NA,NA,NA,NA,NA,NA,NA,NA,NA,NA,NA,NA,NA,NA,NA,NA,NA,NA,NA,NA,NA,NA,NA,NA,NA,NA,NA,NA,NA,NA,NA,NA,NA,NA,NA,NA,NA,NA,NA,NA,NA,NA,NA,NA,NA,NA,NA,NA,NA,NA,2.23.2015
0.000305,NA,0.005143,0.000803,NA,0.022629,NA,0.063919,0.004985,0.002758,0.002362,0.00182,0.014378,NA,2.3e-05,NA,0.010297,0.000124,NA,NA,0.000237,0.001424,NA,7.9e-05,0.001447,0.045111,0.011326,0.01301,0.010489,0.019656,0.043449,0.000124,NA,0.052458,0.004103,NA,7.9e-05,3.4e-05,0.000226,2.3e-05,0.010105,NA,2.3e-05,2.3e-05,NA,4.5e-05,5.7e-05,NA,0.002837,NA,NA,0.002905,0.006601,0.111494,NA,0.00017,NA,0.000441,NA,0.009777,3.4e-05,NA,0.000192,NA,0.000271,5.7e-05,0.000158,0.061941,0.014886,NA,0.001933,0.009246,0.000339,0.02793,NA,0.009088,NA,0.000509,0.004951,0.000531,0.001729,0.000373,NA,NA,NA,NA,NA,2.3e-05,NA,NA,NA,NA,NA,2.3e-05,NA,NA,NA,0.000339,2.3e-05,NA,NA,NA,2.3e-05,NA,NA,6.8e-05,0.000362,NA,NA,3.4e-05,NA,0.00026,NA,NA,NA,NA,0.000102,NA,0.002091,NA,NA,0.000147,NA,4.5e-05,NA,2.3e-05,NA,0.00061,2.3e-05,NA,NA,NA,NA,4.5e-05,9e-05,NA,4.5e-05,NA,NA,NA,NA,NA,NA,NA,NA,NA,NA,NA,NA,0.000362,NA,NA,NA,NA,2.3e-05,NA,NA,NA,NA,NA,NA,NA,NA,NA,NA,NA,NA,NA,NA,NA,NA,4.5e-05,NA,NA,9e-05,NA,NA,NA,NA,NA,NA,NA,0.000113,9e-05,NA,NA,NA,NA,NA,NA,NA,NA,NA,NA,NA,NA,NA,NA,NA,NA,NA,NA,NA,NA,NA,NA,NA,NA,NA,NA,NA,NA,NA,NA,2.3e-05,NA,NA,NA,NA,NA,NA,NA,NA,NA,NA,NA,NA,NA,NA,NA,2.3e-05,NA,NA,NA,NA,NA,NA,NA,NA,NA,NA,NA,NA,NA,NA,NA,NA,NA,NA,NA,NA,NA,NA,NA,NA,NA,NA,NA,NA,NA,NA,NA,NA,NA,NA,NA,NA,NA,NA,NA,NA,NA,NA,NA,NA,2.3e-05,2.3e-05,NA,NA,NA,NA,NA,NA,NA,NA,NA,NA,NA,NA,NA,NA,NA,NA,NA,NA,NA,NA,NA,NA,NA,NA,NA,NA,NA,NA,NA,NA,NA,NA,NA,NA,NA,NA,NA,NA,NA,NA,NA,NA,NA,NA,NA,NA,NA,NA,NA,NA,NA,NA,NA,NA,NA,NA,NA,NA,2.25.2013
NA,NA,0.007356,0.000927,4.1e-05,0.028066,NA,0.120526,6.2e-05,0.001216,0.003771,0.006676,0.003709,8.2e-05,NA,NA,0.005543,NA,4.1e-05,NA,4.1e-05,0.003338,NA,NA,NA,0.006862,0.168992,0.000701,0.00544,0.003812,0.034145,NA,NA,0.002061,0.001669,NA,NA,NA,NA,NA,NA,NA,NA,NA,NA,NA,4.1e-05,NA,0.002432,NA,NA,0.000742,0.029549,0.103876,NA,6.2e-05,NA,NA,NA,0.012426,0.000639,NA,0.000288,NA,4.1e-05,0.001072,NA,0.031301,0.004719,NA,0.003606,0.003792,0.000742,0.050279,NA,0.001566,NA,0.000392,4.1e-05,6.2e-05,0.000144,NA,NA,NA,NA,4.1e-05,NA,NA,NA,NA,NA,NA,NA,NA,NA,NA,NA,NA,8.2e-05,NA,NA,4.1e-05,4.1e-05,NA,NA,NA,NA,NA,NA,NA,NA,0.000495,NA,NA,NA,NA,NA,NA,NA,NA,NA,NA,NA,NA,NA,NA,NA,NA,NA,NA,NA,NA,NA,4.1e-05,0.000247,NA,NA,4.1e-05,NA,NA,NA,NA,NA,NA,NA,NA,NA,NA,NA,NA,NA,4.1e-05,NA,NA,NA,NA,NA,NA,NA,NA,NA,NA,NA,NA,NA,NA,NA,NA,NA,NA,NA,NA,NA,NA,NA,NA,NA,NA,NA,NA,NA,NA,NA,NA,0.000515,NA,NA,4.1e-05,NA,NA,4.1e-05,NA,NA,NA,NA,NA,NA,NA,NA,NA,NA,NA,NA,NA,NA,NA,NA,NA,NA,NA,NA,NA,NA,NA,NA,NA,NA,NA,NA,NA,NA,NA,NA,NA,NA,NA,NA,NA,NA,NA,4.1e-05,NA,0.000144,NA,NA,NA,NA,NA,NA,NA,NA,NA,NA,NA,NA,NA,NA,NA,NA,NA,NA,NA,NA,NA,NA,NA,NA,NA,NA,NA,NA,NA,NA,NA,NA,NA,NA,NA,NA,NA,NA,NA,NA,NA,NA,NA,NA,4.1e-05,NA,NA,NA,NA,NA,NA,NA,NA,NA,NA,NA,NA,NA,NA,NA,NA,NA,NA,NA,NA,NA,NA,NA,NA,NA,NA,NA,NA,NA,NA,NA,NA,NA,NA,NA,NA,NA,NA,NA,NA,NA,NA,NA,NA,NA,NA,NA,NA,NA,NA,NA,NA,NA,NA,NA,NA,NA,2.8.2015
0.000344,NA,0.007844,0.012205,7.7e-05,0.008762,NA,0.155303,NA,NA,0.000727,0.004706,0.007155,0.000459,NA,NA,0.005127,NA,NA,NA,0.000574,0.000497,NA,NA,NA,0.019437,0.118343,0.003788,0.000689,0.010637,0.013162,0.000765,NA,0.002908,0.00375,NA,NA,0.000115,NA,NA,NA,0.000344,NA,0.000153,NA,NA,0.000727,NA,0.003864,0.000153,NA,0.00176,0.028352,0.027931,NA,NA,NA,NA,NA,0.020661,0.00199,NA,0.000268,NA,NA,0.003864,NA,0.047865,0.000957,NA,0.003214,0.004974,NA,0.017562,NA,0.010101,NA,0.015305,NA,0.000459,0.001798,NA,NA,NA,NA,NA,NA,NA,NA,NA,NA,NA,NA,NA,NA,NA,NA,NA,7.7e-05,NA,NA,NA,NA,NA,NA,NA,NA,NA,NA,NA,NA,NA,NA,NA,NA,NA,NA,NA,NA,NA,NA,NA,NA,0.000459,NA,NA,NA,NA,NA,NA,7.7e-05,NA,NA,NA,NA,NA,NA,NA,7.7e-05,NA,NA,NA,NA,NA,NA,NA,NA,NA,NA,0.130854,NA,NA,NA,NA,NA,NA,NA,NA,NA,NA,NA,NA,NA,NA,NA,NA,NA,NA,NA,NA,NA,NA,NA,NA,NA,NA,NA,NA,NA,NA,NA,NA,NA,NA,NA,NA,NA,NA,NA,NA,NA,NA,NA,NA,NA,NA,NA,NA,NA,NA,NA,NA,NA,NA,NA,NA,NA,NA,NA,NA,NA,NA,NA,NA,NA,NA,NA,NA,NA,NA,NA,NA,NA,NA,NA,NA,NA,NA,NA,NA,NA,NA,NA,NA,NA,NA,NA,NA,NA,NA,NA,NA,0.000153,NA,NA,NA,NA,NA,NA,NA,NA,NA,NA,NA,NA,NA,NA,NA,NA,NA,NA,NA,NA,NA,NA,NA,NA,NA,NA,NA,NA,NA,NA,NA,NA,NA,NA,NA,NA,NA,NA,NA,NA,NA,NA,NA,NA,NA,NA,NA,NA,NA,NA,NA,NA,NA,NA,NA,NA,NA,NA,NA,NA,NA,NA,NA,NA,NA,NA,NA,NA,NA,NA,NA,NA,NA,NA,NA,NA,NA,NA,NA,NA,NA,NA,NA,NA,NA,NA,NA,NA,NA,NA,NA,NA,3.23.2014
0.000111,NA,0.005662,0.001499,NA,0.01349,0.000111,0.075164,0.000278,0.000999,0.002332,0.000888,0.000278,NA,NA,NA,0.007994,0.000111,NA,NA,NA,0.002387,NA,NA,NA,0.028367,0.00816,0.001221,0.002887,0.015099,0.012157,0.003553,NA,0.036194,0.009215,NA,NA,NA,NA,NA,NA,NA,NA,NA,NA,NA,0.000777,NA,0.000222,0.000389,NA,0.000167,0.043078,0.061008,NA,NA,NA,0.000222,NA,0.087876,NA,NA,NA,NA,NA,NA,NA,0.03031,0.007383,NA,0.002554,0.013378,0.000222,0.024314,NA,0.032919,NA,0.004052,0.000333,0.003941,0.002609,NA,NA,NA,NA,NA,NA,NA,NA,NA,NA,0.000167,NA,NA,NA,NA,NA,0.000111,NA,NA,NA,0.000111,NA,NA,NA,NA,0.000111,NA,NA,0.000555,0.000111,NA,NA,NA,NA,NA,0.000111,NA,0.000167,NA,NA,NA,NA,NA,NA,NA,0.000111,NA,NA,NA,NA,NA,NA,NA,NA,NA,NA,0.000111,NA,NA,NA,NA,NA,NA,NA,NA,NA,NA,NA,0.001998,NA,0.000111,NA,NA,NA,NA,NA,NA,NA,NA,NA,NA,NA,NA,0.001055,NA,NA,NA,NA,NA,NA,NA,NA,NA,0.000111,NA,NA,NA,NA,NA,0.000833,NA,NA,NA,NA,NA,NA,NA,NA,NA,NA,NA,NA,NA,NA,NA,NA,NA,NA,NA,NA,0.000222,NA,NA,NA,NA,NA,NA,NA,NA,NA,0.000111,NA,NA,NA,NA,NA,NA,NA,NA,NA,NA,NA,NA,NA,NA,NA,NA,NA,NA,NA,NA,NA,0.000333,NA,0.011325,0.054402,NA,NA,NA,NA,NA,NA,NA,NA,NA,NA,NA,NA,NA,NA,NA,NA,NA,NA,NA,NA,NA,NA,NA,0.000722,NA,NA,NA,NA,NA,NA,NA,NA,NA,NA,NA,NA,NA,NA,NA,NA,NA,0.017819,NA,NA,NA,NA,NA,NA,NA,NA,NA,NA,NA,NA,NA,NA,NA,NA,NA,NA,NA,NA,NA,NA,NA,NA,NA,NA,NA,NA,NA,NA,NA,NA,NA,NA,NA,NA,NA,NA,NA,NA,NA,NA,NA,NA,NA,NA,NA,NA,NA,NA,NA,NA,NA,NA,NA,NA,3.24.2013
NA,NA,0.003715,0.004682,2.6e-05,0.016112,NA,0.032155,0.000328,0.000726,0.001019,0.012233,0.004086,0.001616,1.7e-05,NA,0.01003,6e-05,0.000838,NA,0.000121,0.004095,NA,NA,0.000138,0.019257,0.102218,0.006566,0.002834,0.010142,0.010376,2.6e-05,NA,0.014989,0.008501,NA,6.9e-05,NA,NA,NA,NA,5.2e-05,NA,NA,NA,NA,0.000121,4.3e-05,0.012708,2.6e-05,NA,0.000605,0.005546,0.051524,NA,NA,NA,5.2e-05,NA,0.022341,0.003101,NA,0.000423,NA,NA,0.001322,NA,0.058253,0.001417,9.5e-05,0.002669,0.005676,NA,0.058789,NA,0.017676,NA,0.000311,4.3e-05,0.001045,0.003698,NA,NA,NA,NA,NA,NA,NA,NA,NA,NA,1.7e-05,NA,8.6e-05,NA,NA,NA,NA,9.5e-05,NA,NA,NA,3.5e-05,NA,NA,NA,NA,NA,NA,2.6e-05,5.2e-05,0.001235,NA,1.7e-05,NA,6e-05,NA,NA,0.000121,NA,NA,NA,NA,0.000423,NA,NA,NA,NA,NA,1.7e-05,NA,NA,NA,NA,NA,NA,NA,NA,NA,NA,NA,0.001166,NA,NA,NA,NA,NA,NA,NA,0.00038,NA,NA,NA,NA,NA,NA,NA,NA,NA,NA,NA,NA,NA,NA,NA,NA,NA,NA,NA,NA,NA,NA,NA,NA,NA,NA,NA,NA,NA,NA,0.000225,NA,NA,NA,NA,NA,3.5e-05,NA,NA,NA,NA,NA,NA,NA,NA,NA,NA,NA,NA,NA,NA,NA,NA,NA,NA,NA,NA,NA,NA,NA,NA,NA,NA,NA,NA,NA,NA,NA,NA,NA,NA,NA,NA,NA,NA,NA,NA,NA,NA,NA,0.00051,NA,NA,0.000363,NA,0.000216,0.047852,NA,NA,NA,NA,NA,NA,NA,NA,NA,NA,NA,NA,NA,NA,NA,NA,NA,NA,NA,NA,NA,NA,NA,NA,NA,NA,NA,NA,NA,NA,NA,2.6e-05,NA,NA,NA,NA,NA,NA,NA,NA,NA,NA,4.3e-05,1.7e-05,0.000121,1.7e-05,NA,NA,NA,NA,NA,NA,NA,NA,NA,NA,NA,NA,NA,NA,NA,NA,NA,NA,NA,NA,NA,NA,NA,NA,NA,NA,NA,NA,NA,NA,NA,NA,NA,NA,NA,NA,NA,NA,NA,NA,NA,NA,NA,NA,NA,NA,NA,NA,NA,NA,NA,NA,4.29.2013
NA,NA,0.008025,0.004012,NA,0.019344,NA,0.056833,NA,0.00024,NA,0.02108,0.025991,NA,NA,NA,0.015152,0.00012,NA,NA,NA,0.003593,NA,NA,NA,0.004671,0.036412,0.016948,0.003713,0.021619,0.042101,0.001078,NA,0.019763,0.00024,NA,NA,NA,NA,NA,NA,NA,NA,0.00018,NA,NA,NA,NA,0.00024,0.002635,NA,NA,0.007546,0.07965,NA,NA,NA,NA,NA,0.017787,NA,0.00012,0.000299,NA,NA,0.000419,NA,0.044736,0.000958,NA,0.002515,0.008863,NA,0.018625,NA,0.001377,NA,NA,NA,0.000659,NA,NA,NA,NA,NA,0.00012,NA,NA,NA,NA,NA,NA,NA,NA,NA,NA,NA,NA,NA,NA,NA,NA,NA,NA,NA,NA,NA,NA,NA,NA,NA,0.00018,NA,NA,NA,NA,0.00012,NA,NA,NA,NA,NA,NA,NA,NA,0.00012,NA,NA,NA,NA,NA,NA,NA,NA,NA,NA,NA,NA,NA,NA,NA,0.00012,NA,NA,NA,NA,NA,NA,NA,0.263505,NA,NA,NA,NA,NA,NA,NA,NA,NA,NA,NA,NA,NA,NA,NA,NA,NA,NA,NA,NA,NA,NA,NA,NA,NA,NA,NA,NA,NA,NA,NA,NA,NA,NA,NA,NA,NA,NA,NA,NA,NA,NA,NA,NA,NA,NA,NA,NA,NA,NA,NA,NA,NA,NA,NA,NA,NA,NA,NA,NA,NA,NA,NA,NA,0.00018,NA,NA,NA,NA,NA,NA,NA,NA,NA,NA,NA,NA,NA,NA,NA,NA,NA,NA,NA,NA,NA,NA,NA,NA,NA,NA,NA,NA,NA,NA,NA,NA,NA,NA,NA,NA,NA,NA,NA,NA,NA,NA,NA,NA,NA,NA,NA,NA,NA,NA,NA,NA,NA,NA,NA,NA,NA,NA,NA,NA,NA,NA,NA,NA,NA,NA,NA,NA,NA,NA,NA,NA,NA,NA,NA,NA,NA,NA,NA,NA,NA,NA,NA,NA,NA,NA,NA,NA,NA,NA,NA,NA,NA,NA,NA,NA,NA,NA,NA,NA,NA,NA,NA,NA,NA,NA,NA,NA,NA,NA,NA,NA,NA,NA,NA,NA,NA,NA,NA,NA,4.3.2012
2.1e-05,0.000285,0.005544,0.001306,1.4e-05,0.010497,5.6e-05,0.043677,0.027129,0.001334,0.000459,0.000584,0.000618,0.000347,2.8e-05,NA,0.015617,6.9e-05,0.000153,NA,9e-05,0.000695,NA,0.000104,0.014797,0.04087,0.007684,0.003571,0.003745,0.015312,0.012887,0.000174,NA,0.011115,0.006232,0.000118,9e-05,NA,NA,2.1e-05,NA,NA,NA,9.7e-05,NA,NA,0.00032,NA,0.003585,0.00057,NA,0.003995,0.009948,0.030227,NA,0.000222,NA,0.000174,NA,0.064734,0.000368,NA,0.000146,NA,0.000695,1.4e-05,1.4e-05,0.057008,0.003501,4.9e-05,0.00323,0.007024,0.000493,0.041481,NA,0.034493,NA,0.009504,0.005877,0.001473,0.002807,0.01115,NA,NA,NA,NA,NA,NA,NA,1.4e-05,NA,NA,NA,0.000181,NA,NA,NA,1.4e-05,1.4e-05,NA,NA,5.6e-05,NA,NA,NA,NA,0.000208,NA,2.8e-05,1.4e-05,1.4e-05,2.1e-05,NA,NA,0.000118,NA,6.3e-05,NA,0.010101,NA,NA,8.3e-05,1.4e-05,1.4e-05,NA,3.5e-05,NA,NA,NA,NA,NA,NA,NA,NA,NA,1.4e-05,0.000167,1.4e-05,NA,NA,NA,NA,1.4e-05,NA,NA,NA,NA,NA,1.4e-05,0.020932,NA,1.4e-05,NA,NA,NA,NA,NA,NA,NA,NA,NA,NA,NA,NA,NA,NA,NA,NA,NA,NA,NA,4.9e-05,NA,1.4e-05,4.9e-05,NA,NA,NA,NA,NA,0.000111,NA,5e-04,NA,NA,NA,NA,NA,NA,NA,NA,NA,NA,NA,NA,NA,NA,NA,NA,NA,NA,0.000104,NA,NA,NA,NA,NA,2.1e-05,NA,NA,NA,NA,NA,NA,NA,NA,NA,NA,NA,NA,NA,NA,NA,NA,NA,NA,NA,NA,NA,NA,NA,1.4e-05,NA,3.5e-05,NA,0.000535,0.022675,NA,NA,NA,NA,NA,NA,NA,NA,NA,NA,NA,NA,NA,NA,NA,NA,NA,NA,1.4e-05,NA,NA,NA,NA,1.4e-05,NA,0.000215,NA,NA,NA,NA,NA,NA,NA,NA,NA,NA,NA,NA,NA,NA,NA,0.000111,NA,NA,NA,NA,1.4e-05,2.8e-05,1.4e-05,1.4e-05,1.4e-05,2.1e-05,NA,NA,NA,NA,NA,NA,NA,NA,NA,NA,NA,NA,NA,NA,NA,NA,NA,NA,NA,NA,NA,NA,NA,NA,NA,NA,NA,NA,NA,NA,NA,NA,NA,NA,NA,NA,NA,NA,NA,NA,NA,NA,NA,NA,NA,NA,4.7.2013
0.000241,NA,0.008151,0.004946,0.000196,0.018273,6e-06,0.135839,0.000804,0.000403,0.000602,0.003813,0.007852,4.3e-05,NA,NA,0.006156,6e-06,7.3e-05,4.3e-05,0.000232,0.001705,NA,3.1e-05,0.000403,0.016474,0.072826,0.004677,0.003125,0.009871,0.022425,0.000171,NA,0.005475,0.003275,1.2e-05,9.5e-05,0.000107,NA,1.2e-05,7.9e-05,1.2e-05,7.6e-05,0.000183,NA,NA,0.000779,2.1e-05,0.000299,0.000278,NA,0.003235,0.007565,0.068729,NA,2.4e-05,NA,0.000254,NA,0.024166,0.001647,5.2e-05,0.000681,0.000168,4e-05,0.003031,NA,0.040414,0.01816,0.000153,0.004901,0.006914,0.000278,0.029632,NA,0.015117,NA,0.004537,0.001048,0.000727,0.002725,1.2e-05,NA,NA,NA,9.2e-05,6e-06,3.7e-05,NA,9e-06,1.2e-05,9e-06,NA,NA,NA,NA,NA,3.7e-05,1.8e-05,NA,NA,1.2e-05,0.000192,2.7e-05,4.3e-05,NA,6e-06,NA,6e-06,4.6e-05,NA,0.000144,NA,NA,NA,5.8e-05,NA,NA,6.7e-05,NA,9e-06,0.000141,NA,0.000315,NA,0.000113,NA,NA,NA,NA,NA,NA,NA,NA,NA,1.8e-05,NA,NA,2.1e-05,NA,NA,1.8e-05,NA,5.5e-05,NA,NA,NA,6e-06,6e-06,0.078711,NA,3.7e-05,NA,NA,NA,NA,NA,NA,NA,5.2e-05,9e-06,NA,NA,NA,NA,NA,NA,NA,NA,NA,NA,NA,NA,NA,6e-06,NA,NA,NA,NA,NA,NA,NA,4.3e-05,NA,NA,NA,NA,NA,6e-06,NA,NA,NA,NA,NA,NA,NA,NA,NA,NA,NA,NA,NA,NA,NA,NA,NA,NA,NA,6e-06,NA,NA,NA,NA,NA,NA,NA,NA,NA,NA,NA,NA,NA,NA,NA,NA,NA,NA,NA,NA,NA,NA,NA,NA,NA,NA,NA,NA,NA,NA,NA,NA,NA,NA,NA,NA,NA,NA,NA,NA,NA,NA,NA,NA,NA,NA,NA,NA,NA,6e-06,NA,NA,NA,NA,NA,NA,6e-06,NA,NA,NA,NA,NA,NA,NA,NA,NA,NA,NA,NA,NA,NA,NA,NA,NA,NA,NA,6e-06,NA,NA,NA,9e-06,6e-06,1.2e-05,6e-06,6e-06,NA,NA,NA,NA,NA,NA,NA,NA,NA,NA,NA,NA,NA,NA,NA,NA,NA,NA,NA,NA,NA,NA,NA,NA,NA,NA,NA,NA,NA,NA,NA,NA,NA,NA,NA,NA,NA,NA,NA,NA,NA,5.4.2014
0.000204,4.3e-05,0.01404,0.004646,2e-05,0.016062,3.6e-05,0.099675,0.018192,0.000247,0.000629,0.007718,0.007487,4.3e-05,1.3e-05,NA,0.003385,4.6e-05,4e-05,2.3e-05,0.000142,0.002236,NA,NA,0.004498,0.010961,0.062975,0.003391,0.003708,0.004442,0.021379,1.3e-05,NA,0.152855,0.001702,0.000339,2.6e-05,2.3e-05,NA,NA,4.6e-05,2e-05,5.9e-05,0.000115,NA,NA,0.000277,NA,0.000458,0.000316,7e-06,0.002838,0.013612,0.049097,NA,0.000333,NA,1.6e-05,NA,0.008923,0.001636,8e-04,0.000339,4.9e-05,0.001238,0.001228,NA,0.051006,0.003836,0.00031,0.004363,0.006398,0.000191,0.007267,NA,0.007356,NA,0.000958,0.000481,0.000283,0.001011,0.000375,NA,NA,NA,9.9e-05,NA,4.6e-05,NA,7e-06,NA,NA,NA,NA,NA,NA,3.6e-05,0.001488,0.000191,NA,0.000161,4.3e-05,0.000105,1.3e-05,8.2e-05,9.9e-05,0.000635,NA,NA,6.6e-05,6.9e-05,0.000105,7e-06,NA,0.000102,5.6e-05,1e-05,NA,0.000734,2.3e-05,NA,0.001495,NA,0.000207,NA,3.6e-05,NA,NA,NA,NA,NA,NA,NA,1.3e-05,NA,0.000135,NA,NA,NA,NA,NA,7e-06,NA,4.9e-05,NA,NA,7e-06,NA,NA,0.078968,NA,4e-05,NA,NA,NA,NA,NA,NA,NA,7.2e-05,2e-05,NA,NA,NA,NA,NA,NA,NA,NA,NA,NA,NA,1e-05,NA,NA,NA,4e-05,NA,NA,NA,NA,NA,0.00079,NA,NA,NA,NA,NA,NA,NA,NA,NA,NA,1.6e-05,2.6e-05,1.3e-05,NA,NA,NA,NA,NA,NA,NA,NA,NA,NA,NA,NA,NA,NA,NA,NA,NA,NA,NA,NA,NA,NA,NA,1e-05,NA,NA,NA,1e-05,NA,NA,NA,NA,NA,NA,NA,NA,NA,NA,NA,NA,NA,NA,1e-05,NA,NA,NA,NA,NA,NA,NA,NA,NA,NA,NA,NA,NA,NA,NA,NA,NA,NA,NA,NA,NA,NA,NA,NA,NA,NA,NA,NA,NA,NA,NA,NA,NA,NA,NA,NA,NA,NA,NA,NA,NA,NA,NA,NA,NA,NA,NA,NA,NA,NA,NA,7e-06,NA,NA,NA,7e-06,7e-06,NA,NA,NA,NA,NA,NA,NA,NA,NA,NA,NA,NA,NA,NA,NA,NA,NA,NA,NA,NA,NA,NA,NA,NA,NA,NA,NA,NA,NA,NA,NA,NA,NA,NA,NA,NA,NA,NA,NA,5.4.2014.1
4.5e-05,NA,0.013511,0.002427,6e-05,0.015127,NA,0.181225,NA,0.000125,0.001181,0.006886,0.005394,7e-05,NA,NA,0.003618,3e-05,1e-05,1e-05,0.00014,0.001136,NA,NA,NA,0.010093,0.140071,0.003113,5e-05,0.004048,0.02381,0.000315,NA,0.004994,0.001897,NA,5e-05,2e-05,NA,NA,1.5e-05,0.00019,1e-05,8.5e-05,NA,NA,0.000701,1.5e-05,0.00031,4.5e-05,NA,0.000641,0.023945,0.075127,NA,NA,NA,2e-05,NA,0.050166,0.000385,NA,0.00034,2.5e-05,1e-05,0.001576,NA,0.035019,0.004203,7e-05,0.001111,0.003493,0.00011,0.047829,NA,0.033828,NA,0.002772,0.00029,0.000696,0.000896,NA,NA,NA,NA,1e-05,NA,NA,NA,NA,NA,NA,NA,NA,NA,NA,NA,2e-05,2e-05,9.5e-05,NA,NA,4e-05,2.5e-05,1e-05,NA,NA,NA,NA,2e-05,NA,1e-05,NA,NA,NA,4e-05,NA,NA,NA,2e-05,NA,NA,NA,0.00012,NA,6e-05,NA,NA,NA,NA,1e-05,NA,1e-05,NA,NA,NA,NA,NA,NA,NA,NA,NA,0.000245,NA,NA,NA,NA,NA,NA,0.04842,NA,2e-05,NA,NA,NA,NA,NA,NA,NA,NA,NA,NA,NA,NA,8e-05,NA,NA,NA,NA,NA,NA,NA,NA,NA,2e-05,NA,NA,NA,NA,NA,NA,NA,NA,NA,NA,NA,NA,NA,NA,NA,NA,NA,NA,NA,1.5e-05,NA,NA,NA,NA,NA,NA,1.5e-05,NA,NA,NA,NA,NA,NA,NA,NA,NA,NA,NA,NA,NA,NA,NA,NA,NA,NA,NA,NA,NA,NA,NA,NA,NA,NA,NA,NA,NA,NA,NA,NA,NA,NA,NA,NA,NA,NA,NA,NA,NA,NA,NA,NA,NA,NA,NA,NA,NA,NA,NA,NA,NA,NA,NA,NA,NA,NA,1e-05,NA,NA,NA,NA,1e-05,NA,NA,NA,NA,NA,NA,NA,NA,NA,NA,NA,NA,NA,NA,NA,NA,NA,NA,NA,NA,NA,NA,NA,NA,NA,NA,NA,NA,NA,NA,1e-05,1.5e-05,NA,NA,NA,NA,NA,NA,NA,NA,NA,NA,NA,NA,NA,NA,NA,NA,NA,NA,NA,NA,NA,NA,NA,NA,NA,NA,NA,NA,NA,NA,NA,NA,NA,NA,NA,NA,NA,6.16.2014
5.1e-05,8e-06,0.005751,0.005935,0.000572,0.011016,NA,0.042177,0.002548,2e-04,0.000572,0.012535,0.002963,NA,NA,NA,0.000603,0.000176,0.000121,NA,0.000188,0.002051,NA,NA,0.001272,0.00413,0.119324,0.002842,0.002987,0.007614,0.009454,3.1e-05,NA,0.011102,0.003159,NA,3.5e-05,NA,NA,NA,8e-06,2e-05,1.2e-05,0.00018,NA,NA,0.000724,NA,0.002795,0.000184,3.1e-05,0.002404,0.004823,0.058239,NA,1.2e-05,NA,4.7e-05,NA,0.031008,0.002541,7.8e-05,0.000204,8e-06,8e-06,0.000368,NA,0.026021,0.002529,3.9e-05,0.001225,0.006224,0.000247,0.019104,NA,0.023253,NA,0.031877,0.000294,0.002975,0.001429,0.000305,NA,NA,NA,NA,0.000153,NA,NA,NA,NA,NA,NA,2.3e-05,NA,NA,NA,NA,4.7e-05,NA,NA,NA,8e-06,NA,NA,NA,5.9e-05,NA,NA,2.7e-05,6.3e-05,3.5e-05,NA,NA,1.6e-05,NA,1.2e-05,NA,0.00038,NA,NA,8e-06,NA,NA,NA,1.6e-05,NA,NA,NA,NA,NA,NA,NA,NA,NA,8e-06,NA,NA,NA,NA,NA,1.6e-05,8e-06,8e-06,NA,NA,NA,NA,NA,0.122663,NA,NA,NA,NA,NA,NA,NA,NA,NA,NA,NA,NA,NA,NA,NA,NA,NA,NA,NA,NA,NA,8e-06,3.5e-05,NA,NA,NA,5.5e-05,NA,NA,4.7e-05,NA,NA,5.9e-05,NA,NA,NA,NA,NA,NA,NA,NA,NA,NA,NA,2.7e-05,8e-06,NA,NA,NA,NA,NA,NA,NA,NA,NA,NA,NA,NA,8e-06,NA,NA,NA,NA,NA,NA,NA,NA,NA,NA,NA,NA,NA,NA,NA,NA,NA,NA,NA,NA,NA,3.9e-05,NA,NA,NA,8e-06,NA,NA,NA,NA,NA,NA,NA,NA,NA,NA,NA,NA,NA,NA,NA,NA,NA,NA,NA,NA,NA,NA,NA,NA,NA,NA,NA,NA,NA,NA,NA,NA,NA,NA,NA,NA,NA,NA,NA,NA,NA,NA,NA,NA,NA,NA,NA,NA,NA,NA,NA,NA,NA,NA,NA,NA,NA,NA,NA,NA,NA,NA,NA,8e-06,8e-06,8e-06,1.2e-05,8e-06,NA,NA,NA,NA,NA,NA,NA,NA,NA,NA,NA,NA,NA,NA,NA,NA,NA,NA,NA,NA,NA,NA,NA,NA,NA,NA,NA,NA,NA,NA,NA,NA,6.9.2013
NA,NA,0.00917,0.01026,1.8e-05,0.01892,NA,0.044767,0.000703,0.00029,8.8e-05,0.002778,0.000158,9.7e-05,NA,NA,0.000554,NA,NA,NA,0.000703,0.001143,NA,NA,0.000835,0.010963,0.139919,0.001169,0.000765,0.008106,0.02394,0.000484,NA,0.000668,0.001987,NA,4.4e-05,NA,NA,NA,NA,0.000185,NA,0.000167,NA,NA,0.001231,NA,0.015368,3.5e-05,NA,0.001433,0.004053,0.058983,NA,NA,NA,6.2e-05,NA,0.110626,0.002216,NA,2.6e-05,0.000114,5.3e-05,0.000343,NA,0.034279,0.007394,3.5e-05,0.001978,0.003517,0.000185,0.055344,NA,0.03689,NA,0.007561,0.000141,0.00087,0.001424,1.8e-05,NA,NA,NA,5.3e-05,NA,NA,NA,NA,NA,NA,NA,NA,NA,NA,NA,NA,1.8e-05,NA,NA,NA,NA,NA,NA,1.8e-05,NA,NA,NA,0.000229,NA,7e-05,NA,NA,NA,3.5e-05,NA,NA,3.5e-05,NA,NA,1.8e-05,NA,NA,NA,NA,NA,NA,NA,NA,NA,NA,NA,NA,NA,NA,NA,NA,NA,NA,NA,NA,1.8e-05,NA,NA,NA,NA,NA,NA,0.059142,NA,NA,NA,NA,NA,NA,NA,NA,NA,NA,1.8e-05,NA,NA,NA,NA,NA,NA,NA,NA,NA,NA,NA,1.8e-05,NA,6.2e-05,NA,NA,NA,NA,NA,NA,NA,NA,NA,NA,NA,NA,NA,NA,NA,NA,NA,2.6e-05,1.8e-05,NA,NA,NA,NA,NA,NA,NA,NA,NA,NA,NA,NA,NA,NA,NA,NA,1.8e-05,NA,NA,NA,NA,NA,NA,NA,NA,NA,NA,NA,NA,NA,NA,NA,NA,NA,NA,NA,NA,NA,NA,NA,NA,NA,NA,NA,NA,NA,NA,NA,NA,NA,NA,NA,NA,NA,NA,NA,NA,NA,NA,NA,NA,NA,NA,NA,NA,NA,NA,NA,NA,NA,NA,NA,NA,NA,NA,NA,NA,NA,NA,NA,NA,NA,NA,NA,NA,NA,NA,NA,NA,NA,NA,NA,NA,NA,NA,NA,NA,NA,NA,NA,NA,NA,NA,NA,NA,NA,NA,NA,NA,9.7e-05,1.8e-05,NA,NA,NA,NA,NA,NA,NA,NA,NA,NA,NA,NA,NA,NA,NA,NA,NA,NA,NA,NA,NA,NA,NA,NA,NA,NA,NA,NA,NA,NA,7.14.2013
NA,NA,0.007136,0.00063,0.000207,0.016154,NA,0.026165,0.000146,0.001138,0.000464,0.000756,8.5e-05,8e-06,NA,NA,0.010913,0.000289,NA,4.1e-05,0.000707,0.00298,NA,8e-06,0.00015,0.013129,0.199306,0.002537,0.000943,0.002785,0.035578,1.6e-05,NA,0.005709,0.001761,NA,0.000134,NA,NA,NA,NA,0.000199,8e-06,9.8e-05,NA,NA,0.003655,NA,0.003119,0.004448,6.5e-05,0.001504,0.011751,0.125393,NA,NA,NA,0.000268,NA,0.012149,0.000244,NA,6.1e-05,4.9e-05,2.8e-05,0.000626,NA,0.053558,0.043897,6.1e-05,0.00627,0.001326,0.000285,0.017944,NA,0.010397,NA,0.001887,0.000207,8e-06,0.000748,1.6e-05,NA,NA,NA,6.5e-05,NA,8e-06,2e-05,NA,NA,NA,NA,NA,NA,NA,NA,9.8e-05,4.9e-05,NA,NA,7.7e-05,0.000126,1.2e-05,2e-05,4.1e-05,NA,NA,NA,0.001691,4.5e-05,0.000724,NA,NA,5.3e-05,8e-06,8e-06,2.8e-05,3.3e-05,NA,NA,NA,NA,0.000614,NA,3.3e-05,NA,NA,NA,NA,NA,NA,8e-06,8e-06,NA,8e-06,NA,NA,1.2e-05,NA,NA,NA,NA,NA,NA,NA,NA,NA,NA,0.106559,NA,8e-06,NA,NA,NA,NA,NA,NA,NA,0.000122,NA,NA,NA,NA,8e-06,NA,NA,NA,1.2e-05,NA,NA,NA,8e-06,NA,2e-05,NA,NA,NA,NA,NA,NA,NA,1.6e-05,NA,NA,NA,NA,NA,NA,NA,NA,NA,NA,NA,1.6e-05,NA,NA,NA,NA,NA,NA,NA,NA,NA,NA,NA,NA,NA,8e-06,NA,NA,8e-06,NA,2.4e-05,NA,NA,NA,NA,NA,NA,NA,NA,NA,NA,NA,NA,NA,NA,NA,NA,NA,NA,NA,NA,NA,NA,8e-06,NA,NA,NA,NA,NA,NA,NA,NA,NA,NA,8e-06,NA,NA,NA,NA,NA,NA,8e-06,NA,NA,NA,NA,NA,NA,NA,NA,NA,NA,NA,NA,NA,NA,8e-06,NA,NA,NA,NA,NA,3.7e-05,NA,NA,NA,NA,NA,NA,NA,NA,NA,NA,NA,NA,NA,NA,NA,NA,NA,NA,NA,NA,NA,NA,NA,NA,NA,NA,NA,3.7e-05,NA,8e-06,8e-06,1.6e-05,NA,NA,NA,NA,NA,NA,NA,NA,NA,NA,NA,NA,NA,NA,NA,NA,NA,NA,NA,NA,NA,NA,NA,NA,NA,NA,NA,8.10.2013
NA,NA,0.01557,0.014896,NA,0.020956,NA,0.095859,0.000168,0.008248,0.000673,0.000168,0.000842,NA,NA,0.000252,0.006733,0.003282,NA,0.000252,NA,0.001178,NA,NA,0.001599,0.030971,0.006733,0.002104,0.004208,0.006396,0.019273,NA,NA,0.001767,0.007238,NA,NA,NA,NA,NA,NA,NA,0.000252,NA,NA,NA,0.000337,NA,NA,NA,NA,0.003871,0.025585,0.122033,NA,0.000168,NA,0.001683,NA,0.017253,0.000168,NA,0.001178,NA,0.003198,NA,NA,0.04166,0.001936,NA,0.002609,0.010183,0.000337,0.03257,NA,0.000337,NA,0.003114,0.005134,0.000505,0.002357,0.003703,NA,NA,NA,NA,NA,NA,NA,0.000673,NA,NA,NA,NA,NA,NA,NA,NA,NA,NA,NA,NA,NA,NA,NA,NA,NA,NA,NA,NA,NA,NA,NA,NA,NA,NA,NA,NA,0.002104,NA,NA,NA,NA,NA,NA,NA,NA,NA,NA,NA,NA,NA,NA,NA,NA,NA,NA,NA,NA,NA,NA,0.000168,NA,NA,NA,NA,NA,NA,NA,NA,NA,NA,NA,NA,NA,NA,NA,NA,NA,NA,NA,NA,NA,NA,NA,NA,NA,NA,NA,NA,NA,NA,NA,NA,NA,NA,NA,NA,NA,NA,NA,NA,0.000168,NA,NA,NA,NA,NA,NA,NA,NA,NA,NA,NA,NA,NA,NA,NA,NA,NA,NA,NA,NA,NA,NA,NA,NA,NA,NA,NA,NA,NA,NA,NA,NA,NA,NA,NA,NA,NA,NA,NA,NA,NA,NA,NA,NA,NA,NA,NA,NA,NA,NA,NA,NA,NA,0.000168,NA,NA,NA,NA,NA,NA,NA,NA,NA,NA,NA,NA,NA,NA,NA,NA,NA,NA,NA,NA,NA,NA,NA,NA,NA,NA,NA,NA,NA,NA,NA,NA,NA,NA,NA,NA,NA,NA,NA,NA,NA,NA,NA,NA,NA,NA,NA,NA,NA,NA,NA,NA,NA,NA,NA,NA,NA,NA,NA,NA,NA,NA,NA,NA,NA,NA,NA,NA,NA,NA,NA,0.000168,NA,NA,NA,NA,NA,NA,NA,NA,NA,NA,NA,NA,NA,NA,NA,NA,NA,NA,NA,NA,NA,NA,NA,NA,NA,NA,8.11.2014
4.3e-05,NA,0.009553,0.008033,0.000333,0.012578,2.9e-05,0.106053,NA,0.000608,0.000362,5.8e-05,0.012404,0.000203,NA,NA,0.003734,0.00013,NA,2.9e-05,5.8e-05,0.003387,NA,NA,NA,0.044016,0.004545,0.001838,0.001418,0.011319,0.028934,0.00013,NA,0.000825,0.008554,NA,2.9e-05,NA,NA,2.9e-05,NA,NA,NA,7.2e-05,NA,NA,0.000217,NA,NA,0.000593,NA,0.002591,0.009828,0.063064,NA,NA,NA,5.8e-05,NA,0.020713,NA,NA,0.000709,NA,NA,2.9e-05,NA,0.052831,0.006615,2.9e-05,0.003184,0.008569,0.000116,0.01747,NA,0.002113,NA,0.024085,0.005819,0.000376,0.003865,NA,NA,NA,NA,NA,NA,NA,NA,2.9e-05,NA,NA,NA,NA,NA,NA,NA,NA,7.2e-05,0.000275,NA,NA,NA,NA,NA,2.9e-05,NA,7.2e-05,NA,NA,NA,0.000246,2.9e-05,NA,NA,NA,NA,NA,2.9e-05,NA,NA,NA,2.9e-05,NA,NA,NA,NA,NA,NA,2.9e-05,NA,NA,2.9e-05,NA,NA,2.9e-05,4.3e-05,NA,NA,NA,NA,NA,2.9e-05,NA,NA,NA,NA,NA,NA,0.080188,NA,NA,NA,NA,NA,NA,NA,NA,NA,NA,NA,NA,NA,NA,NA,NA,NA,NA,NA,NA,NA,2.9e-05,NA,7.2e-05,NA,NA,NA,NA,NA,NA,NA,NA,NA,4.3e-05,2.9e-05,NA,NA,NA,NA,NA,NA,NA,NA,NA,NA,NA,NA,NA,NA,NA,NA,NA,NA,NA,NA,NA,NA,NA,NA,NA,NA,NA,NA,NA,NA,NA,NA,NA,NA,NA,NA,NA,NA,NA,NA,NA,NA,NA,NA,NA,NA,2.9e-05,NA,NA,NA,NA,NA,NA,NA,NA,NA,NA,NA,NA,NA,NA,NA,NA,NA,NA,NA,NA,NA,NA,NA,NA,NA,2.9e-05,NA,NA,NA,NA,NA,NA,NA,2.9e-05,NA,NA,NA,NA,NA,NA,NA,NA,NA,NA,NA,NA,NA,NA,NA,NA,NA,NA,NA,NA,NA,NA,NA,NA,NA,NA,NA,NA,NA,NA,NA,NA,NA,NA,NA,NA,NA,NA,NA,NA,NA,NA,NA,2.9e-05,5.8e-05,NA,NA,NA,NA,NA,NA,NA,NA,NA,NA,NA,NA,NA,NA,NA,NA,NA,NA,NA,NA,NA,NA,NA,NA,8.22.2014
NA,NA,0.003294,0.020358,NA,0.017024,NA,0.059307,0.001409,0.001865,0.000377,0.003314,0.011885,NA,NA,NA,0.003433,0.017143,0.000119,NA,NA,0.005734,NA,NA,6e-05,0.030001,0.13538,0.002917,0.000198,0.013889,0.011409,NA,NA,0.007262,0.002579,6e-05,4e-05,NA,NA,0.000119,0.005417,4e-05,NA,6e-05,NA,6e-05,NA,7.9e-05,NA,4e-05,4e-05,0.003909,0.030993,0.043711,NA,6e-05,NA,9.9e-05,NA,0.005357,0.004286,NA,0.000615,NA,NA,0.002143,NA,0.067065,0.006905,NA,0.005814,0.003532,NA,0.015377,NA,0.001488,NA,0.000357,0.003611,0.000159,0.002857,NA,NA,NA,NA,NA,NA,NA,NA,NA,NA,NA,NA,NA,NA,NA,NA,NA,0.000119,NA,NA,NA,NA,NA,NA,4e-05,NA,NA,NA,NA,7.9e-05,NA,NA,NA,NA,NA,NA,NA,NA,NA,NA,0.000159,NA,6e-05,NA,NA,NA,NA,NA,6e-05,NA,NA,NA,NA,NA,NA,NA,NA,NA,NA,NA,7.9e-05,0.000139,4e-05,NA,NA,NA,NA,NA,0.114288,NA,NA,NA,NA,NA,NA,NA,NA,NA,NA,NA,NA,NA,NA,NA,NA,NA,NA,NA,NA,NA,NA,NA,NA,NA,NA,NA,NA,NA,NA,4e-05,NA,NA,NA,NA,NA,NA,NA,NA,NA,NA,NA,NA,NA,NA,NA,NA,NA,NA,NA,NA,NA,NA,NA,NA,NA,NA,NA,NA,NA,NA,NA,NA,NA,NA,NA,NA,NA,NA,NA,NA,NA,NA,NA,NA,NA,NA,NA,NA,NA,7.9e-05,NA,NA,NA,NA,NA,NA,NA,NA,NA,NA,NA,NA,NA,NA,NA,NA,NA,NA,NA,NA,NA,NA,NA,NA,NA,NA,NA,NA,NA,NA,NA,NA,NA,NA,NA,NA,NA,NA,NA,NA,NA,NA,NA,NA,NA,NA,NA,NA,NA,NA,NA,NA,NA,NA,NA,NA,NA,NA,NA,NA,NA,NA,NA,NA,NA,NA,NA,NA,NA,NA,NA,NA,NA,NA,NA,NA,NA,NA,NA,NA,4e-05,6e-05,NA,NA,NA,NA,NA,NA,NA,NA,NA,NA,NA,NA,NA,NA,NA,NA,NA,NA,NA,NA,NA,NA,8.25.2014
7.5e-05,NA,0.006974,0.002411,NA,0.021738,NA,0.062212,2e-04,0.000455,0.000635,0.030108,0.001971,0.002707,NA,NA,0.035111,NA,NA,NA,3.5e-05,0.000685,NA,1e-05,0.000165,0.012943,0.08507,0.004828,0.006809,0.014919,0.018956,0.00043,NA,0.027596,0.001766,1e-05,NA,NA,1e-05,4e-05,3e-05,NA,NA,0.00026,NA,NA,0.000205,NA,0.00062,0.000115,8.5e-05,NA,0.00888,0.069486,NA,NA,3e-05,0.00014,NA,0.074559,0.00021,NA,8e-04,NA,1e-05,0.00029,1.5e-05,0.036251,0.010486,1e-05,0.003177,0.004813,NA,0.023304,NA,0.005363,NA,NA,0.011382,0.001571,0.001076,NA,NA,NA,NA,NA,NA,NA,NA,2e-05,NA,NA,NA,NA,1.5e-05,NA,NA,0.00027,2.5e-05,NA,NA,1e-05,NA,NA,NA,1e-05,NA,NA,NA,0.00019,8e-05,0.00014,4e-05,NA,5e-05,0.000115,NA,NA,NA,NA,NA,1.5e-05,NA,NA,NA,5e-05,NA,NA,NA,1e-05,2.5e-05,NA,NA,NA,3.5e-05,1e-05,NA,NA,2e-05,NA,NA,NA,NA,NA,NA,NA,NA,NA,1.5e-05,0.029122,NA,NA,NA,NA,NA,NA,NA,NA,NA,0.000155,NA,NA,NA,NA,NA,1e-05,NA,NA,NA,NA,NA,NA,4.5e-05,4e-05,0.00012,NA,1e-05,NA,NA,NA,NA,NA,1.5e-05,3e-05,NA,NA,2e-05,NA,NA,NA,1e-05,NA,1e-05,1e-05,NA,NA,NA,NA,NA,NA,NA,NA,NA,NA,NA,NA,NA,NA,NA,NA,NA,NA,NA,NA,NA,NA,NA,NA,NA,NA,NA,NA,NA,NA,NA,NA,1.5e-05,NA,NA,NA,NA,1.5e-05,NA,NA,NA,NA,NA,NA,NA,NA,NA,NA,NA,NA,2e-05,NA,NA,NA,1.5e-05,NA,NA,NA,NA,NA,1e-05,NA,NA,NA,NA,NA,2.5e-05,NA,NA,NA,NA,NA,NA,NA,NA,NA,NA,NA,NA,NA,NA,NA,NA,NA,NA,NA,NA,NA,NA,NA,NA,NA,NA,NA,NA,NA,NA,NA,NA,NA,NA,NA,NA,NA,NA,NA,NA,NA,NA,NA,NA,NA,NA,NA,NA,NA,NA,NA,1e-05,1e-05,1e-05,1e-05,2.5e-05,1.5e-05,1e-05,NA,NA,NA,NA,NA,NA,NA,NA,NA,NA,NA,NA,NA,NA,NA,NA,8.7.2012
NA,NA,0.008073,0.000865,0.000382,0.018815,3.2e-05,0.068187,0.000149,0.00018,0.000456,0.001125,6.4e-05,0.000191,NA,NA,0.008784,0.024882,1.1e-05,NA,0.000579,0.002537,NA,2.1e-05,0.000159,0.006465,0.142552,0.001141,0.00207,0.004761,0.014463,NA,NA,0.001582,0.002187,NA,0.000154,NA,NA,NA,0.000149,0.000308,NA,0.000372,NA,4.2e-05,0.00147,NA,0.001088,0.000186,3.2e-05,0.000812,0.008126,0.110945,NA,NA,NA,0.000111,NA,0.027016,8e-05,3.7e-05,NA,NA,NA,0.000563,NA,0.022494,0.047583,4.8e-05,6e-04,0.002691,2.7e-05,0.029945,NA,0.05909,NA,0.006544,0.000186,1.6e-05,0.000807,NA,NA,NA,NA,NA,NA,2.1e-05,1.1e-05,NA,NA,0.000106,NA,NA,NA,NA,3.2e-05,3.2e-05,2.1e-05,4.8e-05,NA,2.1e-05,0.000133,2.7e-05,NA,NA,NA,NA,NA,0.000658,9.6e-05,0.000717,NA,NA,NA,7.4e-05,NA,4.2e-05,1.1e-05,NA,NA,NA,NA,0.000435,NA,5.8e-05,NA,NA,NA,NA,NA,NA,NA,1.6e-05,NA,NA,NA,NA,1.1e-05,NA,NA,1.1e-05,3.7e-05,NA,NA,NA,NA,NA,NA,0.14382,NA,NA,NA,NA,NA,NA,NA,NA,NA,2.1e-05,1.6e-05,NA,NA,NA,NA,NA,NA,NA,NA,NA,NA,NA,NA,NA,1.1e-05,NA,NA,NA,1.1e-05,NA,NA,NA,NA,NA,NA,NA,NA,NA,NA,NA,NA,NA,NA,NA,NA,NA,NA,NA,NA,NA,NA,NA,1.6e-05,NA,NA,NA,NA,NA,1.1e-05,NA,NA,NA,NA,NA,NA,NA,NA,NA,NA,NA,NA,NA,NA,NA,NA,NA,NA,NA,NA,NA,NA,NA,NA,NA,NA,NA,NA,NA,NA,NA,NA,NA,NA,NA,NA,NA,NA,NA,NA,NA,NA,NA,NA,NA,NA,NA,NA,NA,NA,NA,NA,NA,NA,NA,NA,NA,NA,NA,NA,NA,NA,NA,NA,NA,NA,NA,NA,NA,NA,NA,NA,NA,NA,NA,NA,NA,NA,NA,NA,NA,NA,NA,NA,NA,NA,NA,NA,NA,NA,NA,NA,NA,NA,NA,NA,NA,NA,NA,NA,NA,NA,NA,NA,NA,NA,NA,NA,NA,NA,1.1e-05,1.1e-05,NA,NA,NA,NA,NA,NA,NA,NA,NA,NA,NA,NA,NA,NA,9.24.2013
NA,NA,0.010874,0.00042,0.00031,0.006558,NA,0.049879,0.000205,8.6e-05,0.000315,0.002232,0.000491,4.8e-05,NA,NA,0.00982,2.4e-05,NA,NA,0.001407,0.00237,NA,1.4e-05,0.000305,0.013669,0.133482,0.005261,0.00393,0.006248,0.032084,NA,NA,0.00156,0.003563,NA,0.000119,NA,NA,NA,0.012944,0.000591,0.000286,0.000205,NA,NA,0.003916,NA,0.001455,0.000234,NA,0.000339,0.006262,0.058039,NA,NA,NA,0.000134,NA,0.062098,0.001421,0.000577,0.000134,8.6e-05,NA,0.001951,NA,0.059671,0.011637,0.000358,0.005537,0.001913,0.000348,0.028345,NA,0.00703,NA,0.020509,3.8e-05,NA,0.000768,1e-05,NA,NA,NA,5.2e-05,NA,NA,NA,1.9e-05,NA,NA,NA,NA,NA,NA,2.9e-05,NA,7.2e-05,1e-05,NA,3.8e-05,0.000148,NA,3.3e-05,1.4e-05,4.8e-05,NA,NA,0.002079,0.000114,0.000591,1.9e-05,NA,4.3e-05,4.3e-05,NA,1.9e-05,1e-05,1e-05,NA,1.9e-05,NA,0.001655,NA,4.8e-05,1e-05,NA,NA,1e-05,0.000277,NA,1e-05,NA,NA,1e-05,NA,NA,NA,NA,NA,NA,5.2e-05,NA,NA,NA,1e-05,NA,NA,0.09206,NA,1e-05,NA,NA,NA,NA,NA,NA,NA,0.000172,NA,NA,NA,NA,NA,NA,NA,NA,NA,NA,NA,NA,NA,NA,1e-05,NA,5.2e-05,NA,NA,1e-05,NA,NA,0.000272,NA,NA,NA,NA,NA,NA,NA,NA,NA,NA,NA,NA,NA,NA,NA,NA,NA,NA,NA,NA,NA,NA,NA,NA,NA,3.8e-05,NA,NA,1.4e-05,NA,NA,NA,NA,NA,NA,NA,NA,NA,NA,NA,NA,NA,NA,NA,NA,NA,NA,NA,NA,NA,NA,NA,NA,NA,NA,NA,NA,NA,NA,NA,NA,NA,NA,1.9e-05,NA,NA,NA,NA,NA,NA,NA,NA,NA,NA,NA,NA,NA,NA,NA,NA,NA,NA,1e-05,NA,NA,NA,NA,NA,NA,NA,NA,NA,NA,NA,NA,NA,NA,NA,NA,NA,NA,NA,NA,NA,NA,NA,NA,NA,1.9e-05,NA,NA,NA,NA,NA,NA,NA,NA,NA,3.3e-05,NA,NA,NA,NA,NA,NA,NA,NA,NA,NA,NA,NA,NA,NA,NA,NA,NA,NA,NA,1e-05,1e-05,1e-05,1e-05,1e-05,1e-05,1e-05,5.2e-05,1.9e-05,NA,NA,NA,NA,NA,9.25.2013
NA,NA,0.0049,0.001755,4.7e-05,0.008463,NA,0.082352,NA,0.001414,0.000552,0.003069,0.000329,0.000205,2.9e-05,NA,0.002835,3.5e-05,0.000252,NA,2.3e-05,0.001221,8.2e-05,NA,NA,0.008698,0.167949,0.000646,0.001015,0.003645,0.012078,0.000258,NA,0.001549,0.004249,NA,NA,NA,NA,6.5e-05,5.3e-05,NA,NA,0.001502,NA,NA,0.000194,NA,0.000839,0.001825,0.000534,0.000516,0.014156,0.060027,NA,0.00804,5.9e-05,0.000739,NA,0.015611,0.002348,NA,0.000211,NA,NA,0.001485,NA,0.052978,0.002224,NA,0.001356,0.002224,0.001966,0.012724,NA,0.00091,NA,0.003468,0.031193,0.000188,0.00118,1.2e-05,NA,NA,NA,NA,NA,NA,NA,3.5e-05,NA,NA,NA,NA,NA,NA,NA,0.00017,3.5e-05,NA,NA,2.3e-05,NA,NA,NA,NA,NA,NA,NA,NA,NA,NA,NA,NA,NA,1.2e-05,4.7e-05,NA,NA,NA,NA,NA,NA,1.2e-05,NA,1.2e-05,1.2e-05,NA,2.3e-05,NA,NA,NA,NA,NA,0.000264,1.8e-05,7.6e-05,1.8e-05,NA,NA,NA,NA,NA,NA,NA,NA,NA,NA,NA,0.073906,NA,NA,NA,NA,NA,NA,NA,NA,NA,NA,NA,NA,NA,NA,5.9e-05,NA,NA,NA,5.9e-05,NA,NA,NA,1.2e-05,0.000123,8.2e-05,NA,0.000135,NA,NA,NA,NA,NA,NA,NA,1.2e-05,NA,NA,1.8e-05,NA,NA,NA,NA,1.2e-05,NA,NA,2.3e-05,NA,NA,NA,NA,NA,NA,NA,NA,NA,NA,NA,1.2e-05,NA,NA,NA,NA,NA,1.2e-05,2.3e-05,NA,NA,NA,NA,NA,2.9e-05,NA,4.1e-05,NA,NA,NA,NA,NA,NA,NA,4.7e-05,NA,NA,NA,NA,NA,NA,NA,1.2e-05,NA,NA,NA,NA,NA,NA,NA,NA,NA,NA,NA,NA,NA,NA,NA,NA,NA,NA,NA,NA,NA,NA,NA,NA,NA,NA,NA,NA,NA,NA,NA,NA,NA,NA,NA,NA,NA,NA,NA,NA,NA,NA,NA,NA,NA,NA,NA,NA,NA,NA,NA,NA,NA,NA,NA,NA,NA,NA,NA,NA,NA,NA,NA,NA,NA,NA,NA,NA,NA,NA,NA,1.2e-05,NA,NA,NA,NA,NA,NA,NA,NA,NA,NA,NA,NA,NA,NA,NA,NA,NA,NA,NA,1.8e-05,1.2e-05,1.8e-05,1.2e-05,NA,9.28.2014
NA,NA,0.008901,0.002161,0.000361,0.015586,NA,0.050737,0.000106,0.000338,0.000546,0.003141,0.000162,0.000333,NA,NA,0.011834,0.00019,7.9e-05,NA,0.000449,0.001198,NA,3.7e-05,8.3e-05,0.014804,0.101234,0.001013,0.000106,0.0065,0.013023,NA,NA,0.00403,0.001814,NA,0.000134,NA,NA,NA,NA,0.000199,NA,0.000204,NA,2.3e-05,0.002854,NA,0.012649,0.005367,6e-05,0.001268,0.01374,0.076076,NA,NA,NA,0.00012,NA,0.079023,0.000116,NA,5.1e-05,6.9e-05,NA,0.000773,9e-06,0.057256,0.004451,9.3e-05,0.00087,0.003225,3.2e-05,0.045574,NA,0.031751,NA,0.031996,9e-06,0.000315,0.00093,3.7e-05,NA,NA,NA,NA,NA,7.4e-05,1.9e-05,NA,NA,4.2e-05,NA,NA,NA,NA,9e-06,3.7e-05,NA,0.000264,NA,9e-06,4.6e-05,3.7e-05,1.4e-05,NA,NA,NA,NA,0.00056,4.6e-05,0.000301,NA,9e-06,NA,8.3e-05,3.2e-05,NA,9e-06,NA,NA,1.4e-05,NA,0.000375,NA,9e-06,NA,NA,NA,NA,NA,1.4e-05,NA,NA,NA,9e-06,NA,NA,NA,NA,NA,NA,NA,NA,NA,NA,NA,NA,NA,0.130117,NA,1.4e-05,NA,NA,NA,NA,9e-06,NA,NA,1.9e-05,NA,NA,NA,NA,NA,NA,NA,NA,NA,NA,NA,NA,NA,NA,NA,NA,2.8e-05,NA,NA,NA,NA,NA,4.2e-05,NA,NA,NA,NA,NA,NA,NA,NA,NA,NA,NA,NA,NA,NA,NA,NA,NA,NA,NA,NA,NA,NA,NA,NA,NA,NA,NA,NA,NA,NA,NA,NA,NA,NA,0.000111,NA,NA,NA,NA,NA,NA,NA,NA,NA,NA,NA,NA,NA,NA,NA,NA,NA,NA,NA,NA,NA,NA,NA,NA,NA,NA,NA,NA,NA,NA,NA,NA,NA,NA,NA,NA,NA,NA,NA,NA,NA,NA,NA,NA,NA,NA,NA,NA,NA,NA,NA,NA,NA,NA,NA,NA,NA,NA,NA,NA,1.9e-05,NA,NA,NA,NA,NA,NA,NA,NA,NA,NA,NA,NA,NA,NA,NA,NA,NA,NA,NA,NA,NA,NA,NA,NA,NA,NA,NA,NA,NA,NA,NA,NA,NA,NA,NA,NA,NA,NA,NA,NA,NA,NA,NA,NA,NA,NA,NA,NA,NA,NA,NA,NA,NA,NA,NA,9e-06,9.3.2013
